job_title,company_name,location,salary,url_country,extraction_date
Backend Developer (NodeJS),Gamingtec,Remote,Not Specified,uk,2024-04-10 04:42:40.367124
Front End Developer,Geronimo Web,Remote,Not Specified,uk,2024-04-10 04:42:40.367124
Front End Developer (100% Remote),Bitfinex,Remote,Not Specified,uk,2024-04-10 04:42:40.367124
Backend Engineer (Node.js) (Remote),RemoteStar,Remote,Not Specified,uk,2024-04-10 04:42:40.367124
FileMaker Database Developer - Remote Working,iSOS.com,Remote,Not Specified,uk,2024-04-10 04:42:40.367124
BACKEND DEVELOPER,Studio Vision,Remote,Not Specified,uk,2024-04-10 04:42:40.367124
React.js Developer,Tmob - Thinks Mobility,Remote,Not Specified,uk,2024-04-10 04:42:40.367124
Associate Backend Engineer - Create or Govern,GitLab,Remote,Not Specified,uk,2024-04-10 04:42:40.367124
BI Developer,CONTEXT WORLD,Remote,Not Specified,uk,2024-04-10 04:42:40.367124
Software Engineer III,Ookla,Remote,Not Specified,uk,2024-04-10 04:42:40.367124
Backend Developer,Tmob - Thinks Mobility,Remote,Not Specified,uk,2024-04-10 04:42:40.367124
Frontend Developer,Gamingtec,Remote,Not Specified,uk,2024-04-10 04:42:40.367124
Senior Software Engineer,Selligent Marketing Cloud,Remote,Not Specified,uk,2024-04-10 04:42:40.367124
Software Engineer Intern,Smarsh,Remote,Not Specified,uk,2024-04-10 04:42:40.367124
Remote Front End React Developer,SchemeServe,Remote,Not Specified,uk,2024-04-10 04:42:40.367124
"Full Stack Developer (Python, React, TypeScript, AWS)",Synapri,Remote,Not Specified,uk,2024-04-10 04:42:40.367124
Middle+/Senior Front-end Developer,Gamingtec,Remote,Not Specified,uk,2024-04-10 04:42:40.367124
Software Developer,Good Growth Limited,Hybrid work,Not Specified,uk,2024-04-10 04:42:40.367124
Junior Software Engineer (Backend),Mambo Solutions,Remote,Not Specified,uk,2024-04-10 04:42:40.367124
Software Engineer,Funding Circle UK,Hybrid work,Not Specified,uk,2024-04-10 04:42:40.367124
Software Engineer,"GitHub, Inc.",Remote,Not Specified,uk,2024-04-10 04:42:40.367124
Software Developer,ECS Recruitment Group,Remote,Not Specified,uk,2024-04-10 04:42:40.367124
Backend Engineer - Elixir,"Remote Technology, Inc.",Remote,Not Specified,uk,2024-04-10 04:42:40.367124
Backend C# Software Engineer,Hexagon AB,Remote,Not Specified,uk,2024-04-10 04:42:40.367124
NodeJS Cloud Developer,Globebyte,Remote,Not Specified,uk,2024-04-10 04:42:40.367124
Senior Software Engineer,Gearset,Remote,Not Specified,uk,2024-04-10 04:42:40.367124
PHP Developer,Gamingtec,Remote,Not Specified,uk,2024-04-10 04:42:40.367124
Front End Developer (Vue),Synapri,Remote,Not Specified,uk,2024-04-10 04:42:40.367124
Full Stack Engineer,EvaluAgent,Remote,Not Specified,uk,2024-04-10 04:42:40.367124
Software Engineer,Xero,Remote,Not Specified,uk,2024-04-10 04:42:40.367124
GAMEPLAY PROGRAMMER,Studio Vision,Remote,Not Specified,uk,2024-04-10 04:42:40.367124
Full-Stack Software Developer (VueJS + PHP),Stickee Technology,Remote,Not Specified,uk,2024-04-10 04:42:40.367124
Python Developer,FFW,Remote,Not Specified,uk,2024-04-10 04:42:40.367124
Python Developer (AWS),Synapri,Remote,Not Specified,uk,2024-04-10 04:42:40.367124
Senior Front-End Developer,Holofy,Remote,Not Specified,uk,2024-04-10 04:42:40.367124
Front-end Software Developer,Harris Computer Systems,Remote,Not Specified,uk,2024-04-10 04:42:40.367124
Full Stack Developer,eSynergy Solutions,Remote,Not Specified,uk,2024-04-10 04:42:40.367124
Software Engineer,Leidos,Remote,Not Specified,uk,2024-04-10 04:42:40.367124
Senior Java Developer,Gamingtec,Remote,Not Specified,uk,2024-04-10 04:42:40.367124
Front End Engineer - Webflow,Opus Recruitment Solutions,Remote,Not Specified,uk,2024-04-10 04:42:40.367124
Front-End Web Development Specialist,Internews,Remote,Not Specified,uk,2024-04-10 04:42:40.367124
Software Engineer in Test,Envitia,Remote,Not Specified,uk,2024-04-10 04:42:40.367124
Senior Software Engineer - Remote,Akamai,Remote,Not Specified,uk,2024-04-10 04:42:40.367124
Frontend Developer,Simply Commerce Group,Remote,Not Specified,uk,2024-04-10 04:42:40.367124
Software Engineer,Admiral,Remote,Not Specified,uk,2024-04-10 04:42:40.367124
FrontEnd Engineer,Truv,Remote,Not Specified,uk,2024-04-10 04:42:40.367124
Full Stack Engineer,Admiral,Remote,Not Specified,uk,2024-04-10 04:42:40.367124
Back-end .Net Developer,SchemeServe,Remote,Not Specified,uk,2024-04-10 04:42:40.367124
Experienced DBA/SQL Developer,CONTEXT WORLD,Remote,Not Specified,uk,2024-04-10 04:42:40.367124
Principal Software Engineer,Gearset,Remote,Not Specified,uk,2024-04-10 04:42:40.367124
Frontend Developer - Cairo,Tangent Marketing Services,Remote,Not Specified,uk,2024-04-10 04:42:40.367124
Software Engineer,Uniting Cloud,Remote,Not Specified,uk,2024-04-10 04:42:40.367124
Software Engineer (All experience levels welcome),tiney,Remote,Not Specified,uk,2024-04-10 04:42:40.367124
"Principal Software Engineer, Full Stack",Dataminr,Remote,Not Specified,uk,2024-04-10 04:42:40.367124
Senior Software Engineer,D.C. Thomson & Co. Ltd.,Hybrid work,Not Specified,uk,2024-04-10 04:42:40.367124
React Native Developer,Tmob - Thinks Mobility,Remote,Not Specified,uk,2024-04-10 04:42:40.367124
Frontend Developer,Consortia,Remote,Not Specified,uk,2024-04-10 04:42:40.367124
Software Engineer,Linux Recruit,Remote,Not Specified,uk,2024-04-10 04:42:40.367124
Senior Backend Engineer,Manual,Remote,Not Specified,uk,2024-04-10 04:42:40.367124
Frontend Developer,ADLIB,Remote,Not Specified,uk,2024-04-10 04:42:40.367124
Site Reliability Engineer,Evri,Remote,Not Specified,uk,2024-04-10 04:42:40.367124
Senior Front-end Developer,Series Eight,Remote,Not Specified,uk,2024-04-10 04:42:40.367124
Angular Developer | 6-Month Contract | HTML5 | Remote | Outside IR35,Real Time Recruitment Solutions,Remote,Not Specified,uk,2024-04-10 04:42:40.367124
React / Next.js Engineer,Opus Recruitment Solutions,Remote,Not Specified,uk,2024-04-10 04:42:40.367124
Back-End Web Development Specialist,Internews,Remote,Not Specified,uk,2024-04-10 04:42:40.367124
Senior Backend Developer - Node (100% Remote),Bitfinex,Remote,Not Specified,uk,2024-04-10 04:42:40.367124
"Front End Developer – React, TypeScript, APIs, Node, OpenGraph, Gulp",CodeSource,Remote,Not Specified,uk,2024-04-10 04:42:40.367124
Senior Software Engineer [Planisware],Parexel,Remote,Not Specified,uk,2024-04-10 04:42:40.367124
Frontend Architect,Simpplr,Remote,Not Specified,uk,2024-04-10 04:42:40.367124
System Software Developer,ECM Selection,Remote,Not Specified,uk,2024-04-10 04:42:40.367124
React Native Developer,Futureheads Recruitment,Remote,Not Specified,uk,2024-04-10 04:42:40.367124
SOFTWARE DEVELOPER,Dynamic Search Solutions,Hybrid work,Not Specified,uk,2024-04-10 04:42:40.367124
Senior Frontend Developer (Javascript),Clario,Remote,Not Specified,uk,2024-04-10 04:42:40.367124
Senior Software Engineer,SailPoint,Remote,Not Specified,uk,2024-04-10 04:42:40.367124
Software Engineering Manager,Good Growth Limited,Hybrid work,Not Specified,uk,2024-04-10 04:42:40.367124
"Data Analyst, Life Sciences",Lumerate,Remote,Not Specified,uk,2024-04-10 04:43:03.295810
Data Analyst - National Youth Agency,WorkNest Clients,Remote,Not Specified,uk,2024-04-10 04:43:03.295810
Customer Insight Analyst,City IT,Remote,Not Specified,uk,2024-04-10 04:43:03.295810
QHSE Data Analyst,Churchill Contract Services,Remote,Not Specified,uk,2024-04-10 04:43:03.295810
Social Media Analyst,Storm Ideas,Remote,Not Specified,uk,2024-04-10 04:43:03.295810
Insight Analyst,IntaPeople,Remote,Not Specified,uk,2024-04-10 04:43:03.295810
Market Intelligence Analyst,Jisc,Hybrid work,Not Specified,uk,2024-04-10 04:43:03.295810
"Data Analyst - Business Development, EMEA",Alvarez and Marsal,Remote,Not Specified,uk,2024-04-10 04:43:03.295810
PMO Analyst,Police Digital Service,Remote,Not Specified,uk,2024-04-10 04:43:03.295810
Business Analyst,The Royal Society of Chemistry,Hybrid work,Not Specified,uk,2024-04-10 04:43:03.295810
"Pensions Data Analyst, WFH",Sammons Recruitment Group,Remote,Not Specified,uk,2024-04-10 04:43:03.295810
Data Analyst,Bright Purple Resourcing,Remote,Not Specified,uk,2024-04-10 04:43:03.295810
Pension Data Analyst,Russell Tobin,Remote,Not Specified,uk,2024-04-10 04:43:03.295810
Senior Business Analyst,Food Alert,Remote,Not Specified,uk,2024-04-10 04:43:03.295810
Senior E-commerce Data Analyst – Luxury Brand,Carl Friedrik,Remote,Not Specified,uk,2024-04-10 04:43:03.295810
Senior Analyst,Cafcass,Remote,Not Specified,uk,2024-04-10 04:43:03.295810
Business Analyst III - Supply Chain,Leggett & Platt,Remote,Not Specified,uk,2024-04-10 04:43:03.295810
Data analyst – Pricing and Retail,Harnham,Remote,Not Specified,uk,2024-04-10 04:43:03.295810
Senior Analyst,Children and Family Court Advisory and Support...,Remote,Not Specified,uk,2024-04-10 04:43:03.295810
Data Analytics Engineer,SafeGuard Global,Remote,Not Specified,uk,2024-04-10 04:43:03.295810
Business Intelligence Analyst - Fixed Term - 31/05/2025,Children and Family Court Advisory and Support...,Hybrid work,Not Specified,uk,2024-04-10 04:43:03.295810
BI Developer,Craneware,Hybrid work,Not Specified,uk,2024-04-10 04:43:03.295810
Senior Financial Analyst (Data Reporting),Autodesk,Hybrid work,Not Specified,uk,2024-04-10 04:43:03.295810
"Data and Analytics Finance Practitioner, Gartner Analyst, Remote Europe or Canada",Gartner,Remote,Not Specified,uk,2024-04-10 04:43:03.295810
Risk and Control Analyst,Form3 Financial Cloud,Remote,Not Specified,uk,2024-04-10 04:43:03.295810
BI & DATA ANALYTICS CONSULTANT – REMOTE,Asset Resourcing,Remote,Not Specified,uk,2024-04-10 04:43:03.295810
Insurance Data Analyst,Harnham,Remote,Not Specified,uk,2024-04-10 04:43:03.295810
Senior Business Analyst - London Market,Guidewire Software,Remote,Not Specified,uk,2024-04-10 04:43:03.295810
ICS Prevention Senior Intelligence Analyst,Medway Council,Remote,Not Specified,uk,2024-04-10 04:43:03.295810
Business Analyst Digital Learning Coach,QA Limited,Remote,Not Specified,uk,2024-04-10 04:43:03.295810
Senior Growth Marketing Analyst,Lime,Remote,Not Specified,uk,2024-04-10 04:43:03.295810
Business Analyst,NCC Group,Remote,Not Specified,uk,2024-04-10 04:43:03.295810
Senior Insight Analyst,Harnham,Remote,Not Specified,uk,2024-04-10 04:43:03.295810
Lead Fraud Insight Analyst,Harnham,Remote,Not Specified,uk,2024-04-10 04:43:03.295810
Senior Pricing Analyst,Covéa Insurance,Remote,Not Specified,uk,2024-04-10 04:43:03.295810
Senior Business Intelligence Analyst - Eggplant Software,Keysight Technologies,Remote,Not Specified,uk,2024-04-10 04:43:03.295810
Lead Sales Operations Analyst,Cloud Software Group,Remote,Not Specified,uk,2024-04-10 04:43:03.295810
Actuarial Analyst,Key Group,Remote,Not Specified,uk,2024-04-10 04:43:03.295810
Senior Business Intelligence Consultant,Kantata,Remote,Not Specified,uk,2024-04-10 04:43:03.295810
Quantitative Research Manager,Bolt Insight,Hybrid work,Not Specified,uk,2024-04-10 04:43:03.295810
"Finance Planning and Forecasting Expert, Gartner Analyst, Remote EMEA",Gartner,Remote,Not Specified,uk,2024-04-10 04:43:03.295810
Head of Blockchain Data Analytics,Animoca Brands Limited,Remote,Not Specified,uk,2024-04-10 04:43:03.295810
"Finance Analyst, Global Accounts Receivable",Thermo Fisher Scientific,Remote,Not Specified,uk,2024-04-10 04:43:03.295810
Credit Risk Analyst,Harnham,Remote,Not Specified,uk,2024-04-10 04:43:03.295810
Pensions Implementation Analyst - Configuration Team,Capita,Remote,Not Specified,uk,2024-04-10 04:43:03.295810
Credit Risk Analyst – Collection Strategies,Harnham,Remote,Not Specified,uk,2024-04-10 04:43:03.295810
DATA PRODUCT MANAGER / BUSINESS ANALYST,Guru Resourcing,Remote,Not Specified,uk,2024-04-10 04:43:03.295810
Senior Implementation Analyst Data Team (Insurance/Pensions/ Employee Benefits) - 926,Russell Tobin,Remote,Not Specified,uk,2024-04-10 04:43:03.295810
Senior Credit Risk Analyst,Harnham,Remote,Not Specified,uk,2024-04-10 04:43:03.295810
Senior Credit Risk MI Analyst,Harnham,Remote,Not Specified,uk,2024-04-10 04:43:03.295810
Senior Technical Analyst (m/f/d),SkyCell AG,Remote,Not Specified,uk,2024-04-10 04:43:03.295810
Junior Data Analyst,Immigration Advice Service,Remote,Not Specified,uk,2024-04-10 04:43:03.295810
Business Systems Analyst - Level II,Arch Capital Group Ltd.,Remote,Not Specified,uk,2024-04-10 04:43:03.295810
Data Analyst,Virtual Finance,Remote,Not Specified,uk,2024-04-10 04:43:03.295810
Summer Internship - BI,Modality Partnership,Remote,Not Specified,uk,2024-04-10 04:43:03.295810
QHSE Data Analyst,Churchill Service Solutions,Remote,Not Specified,uk,2024-04-10 04:43:03.295810
Working from home Pricing Analyst,21st Century Motors Limited,Remote,Not Specified,uk,2024-04-10 04:43:03.295810
BI Analyst,Sporty Group,Remote,Not Specified,uk,2024-04-10 04:43:03.295810
"Data Analyst, Onboarding","Cable Tech, INC.",Remote,Not Specified,uk,2024-04-10 04:43:03.295810
Technical Analyst (UK) - Consulting,ZEMA Services UK Limited,Remote,Not Specified,uk,2024-04-10 04:43:03.295810
Data Analyst,iKons Global,Remote,Not Specified,uk,2024-04-10 04:43:03.295810
Blockchain Intelligence Analyst,CertiK,Remote,Not Specified,uk,2024-04-10 04:43:03.295810
Business Intelligence Developer,SmartSourcing,Remote,Not Specified,uk,2024-04-10 04:43:03.295810
"Claims Data Analyst, Power BI, SQL, Mainly Remote",Carrington Recruitment Solutions,Remote,Not Specified,uk,2024-04-10 04:43:03.295810
Researcher (data analyst),Transport & Environment,Hybrid work,Not Specified,uk,2024-04-10 04:43:03.295810
Junior Business Analyst - Work Placement,Career Inspiration Recruitment,Remote,Not Specified,uk,2024-04-10 04:43:03.295810
Card Dispute Analyst,LemFi,Remote,Not Specified,uk,2024-04-10 04:43:03.295810
Big Data Analyst,Leo Recruitment Limited,Remote,Not Specified,uk,2024-04-10 04:43:03.295810
Data Scientist,JATO,Remote,Not Specified,uk,2024-04-10 04:43:35.367466
"Data Scientist (Pricing) (Part-Time, Job-Share, Full-Time)",Zurich Insurance,Hybrid work,Not Specified,uk,2024-04-10 04:43:35.367466
Marketing Reporting & Analytics Specialist,Dexcom,Remote,Not Specified,uk,2024-04-10 04:43:35.367466
AL/ML Engineer,Harman International,Remote,Not Specified,uk,2024-04-10 04:43:35.367466
FSP Senior Data Scientist,PHASTAR,Remote,Not Specified,uk,2024-04-10 04:43:35.367466
Machine Learning Engineer,IQVIA,Remote,Not Specified,uk,2024-04-10 04:43:35.367466
Principal Statistical Programmer (Permanent Homebased / Remote),IQVIA,Remote,Not Specified,uk,2024-04-10 04:43:35.367466
Machine Learning Engineer,Maxwell Bond,Remote,Not Specified,uk,2024-04-10 04:43:35.367466
Data Engineer/Scientist,Cathcart Associates,Remote,Not Specified,uk,2024-04-10 04:43:35.367466
Senior Data Scientist — Aramco Project (UAE),Insilico Medicine,Remote,Not Specified,uk,2024-04-10 04:43:35.367466
Senior Statistician,Smith & Nephew,Hybrid work,Not Specified,uk,2024-04-10 04:43:35.367466
Software Engineer - Machine Learning (PyTorch),Kumo,Remote,Not Specified,uk,2024-04-10 04:43:35.367466
"Pre-Sales Machine Learning Engineer, Customer Success - EMEA (Remote)",Weights & Biases,Remote,Not Specified,uk,2024-04-10 04:43:35.367466
Senior/Middle+ ML engineer — Aramco Project (UAE),Insilico Medicine,Remote,Not Specified,uk,2024-04-10 04:43:35.367466
Principal Statistician - Oncology - FSP,PHASTAR,Not Specified,Not Specified,uk,2024-04-10 04:43:35.367466
Senior Data Scientist,PHASTAR,Remote,Not Specified,uk,2024-04-10 04:43:35.367466
"Senior Full Stack Engineer, Deep Learning Algorithms",NVIDIA,Remote,Not Specified,uk,2024-04-10 04:43:35.367466
Audio Machine Learning Embedded Application / ML Deployment Lead,Luxoft,Remote,Not Specified,uk,2024-04-10 04:43:35.367466
FSP Senior Statistician,PHASTAR,Remote,Not Specified,uk,2024-04-10 04:43:35.367466
GCP ML Engineer (Vertex AI),Cloud MR,Remote,Not Specified,uk,2024-04-10 04:43:35.367466
Principal Statistician,PHASTAR,Not Specified,Not Specified,uk,2024-04-10 04:43:35.367466
Data Scientist,eMoodie,Remote,Not Specified,uk,2024-04-10 04:43:35.367466
ML Engineer,SaberMine Ltd,Remote,Not Specified,uk,2024-04-10 04:43:35.367466
Senior Data Scientist - Ad Intelligence,Sensor Tower,Remote,Not Specified,uk,2024-04-10 04:43:35.367466
Lead Data Scientist - Causal AI,causaLens,Hybrid work,Not Specified,uk,2024-04-10 04:43:35.367466
Research Scientist - Causal AI,causaLens,Hybrid work,Not Specified,uk,2024-04-10 04:43:35.367466
"Senior Data Scientist, Product Analytics",Onfido,Remote,Not Specified,uk,2024-04-10 04:43:35.367466
Compliance Data Specialist - EMEA,dLocal,Remote,Not Specified,uk,2024-04-10 04:43:35.367466
"Solutions Engineer/Sales Engineer (CPG, Data Analytics)",TalentTECH,Remote,Not Specified,uk,2024-04-10 04:43:35.367466
"Senior Analytics Engineer, People Analytics",Deel,Remote,Not Specified,uk,2024-04-10 04:43:35.367466
"Principal Full Stack Engineer (Python, AWS, Machine Learning)",Modus Create Inc,Remote,Not Specified,uk,2024-04-10 04:43:35.367466
Software Web Application Developer with Machine Learning Skills,Kadaa Limited,Remote,Not Specified,uk,2024-04-10 04:43:35.367466
Machine Learning Engineer,Zest Scientific,Remote,Not Specified,uk,2024-04-10 04:43:35.367466
Sales Engineer - Causal AI,causaLens,Hybrid work,Not Specified,uk,2024-04-10 04:43:35.367466
Technical Pre-sales Consultant (Data Solutions and AI),Nasstar,Remote,Not Specified,uk,2024-04-10 04:43:35.367466
Senior Machine Learning Engineer,Hawk-Eye Innovations (HEI),Remote,Not Specified,uk,2024-04-10 04:43:35.367466
Machine Learning Engineering Lead,Renzo Consulting Limited,Remote,Not Specified,uk,2024-04-10 04:43:35.367466
Machine Learning Engineering Manager,Hyperscience,Remote,Not Specified,uk,2024-04-10 04:43:35.367466
Machine Learning Engineer (Biometrics) - Remote,Simprints,Remote,Not Specified,uk,2024-04-10 04:43:35.367466
Machine Learning Engineer,Cubiq,Remote,Not Specified,uk,2024-04-10 04:43:35.367466
Compliance Systems and Analytics Director,Binance,Remote,Not Specified,uk,2024-04-10 04:43:35.367466
AI/ML Engineer,gravity9,Remote,Not Specified,uk,2024-04-10 04:43:35.367466
Machine Learning Solutions Engineer,V7,Hybrid work,Not Specified,uk,2024-04-10 04:43:35.367466
Introduction to Data Science and Big Data unit Reviser,NCC Education Ltd,Remote,Not Specified,uk,2024-04-10 04:43:35.367466
Customer Engineer - Machine Learning (m/f/d),Axelera AI,Remote,Not Specified,uk,2024-04-10 04:43:35.367466
Staff Applied Scientist (Computer Vision / Machine Learning),Onfido,Remote,Not Specified,uk,2024-04-10 04:43:35.367466
Senior Product Manager - Data Science,Instapro Group,Hybrid work,Not Specified,uk,2024-04-10 04:43:35.367466
Senior Machine Learning Engineer,Onfido,Remote,Not Specified,uk,2024-04-10 04:43:35.367466
Senior Applied Scientist (Computer Vision / Machine Learning),Onfido,Remote,Not Specified,uk,2024-04-10 04:43:35.367466
"Senior Engineer, Deep Learning",Outrider,Remote,Not Specified,uk,2024-04-10 04:43:35.367466
"Principal Engineer, Deep Learning",Outrider,Remote,Not Specified,uk,2024-04-10 04:43:35.367466
Data Engineer,ParentPay Group,Remote,Not Specified,uk,2024-04-10 04:44:07.277668
Revenue Operations Data Engineer,Meltwater Group,Remote,Not Specified,uk,2024-04-10 04:44:07.277668
Senior Data Engineer,Ramsay Health Care,Remote,Not Specified,uk,2024-04-10 04:44:07.277668
Senior Data Engineer,Policy in Practice,Hybrid work,Not Specified,uk,2024-04-10 04:44:07.277668
Junior Data Engineer,Zenith People,Remote,Not Specified,uk,2024-04-10 04:44:07.277668
Data Engineering Manager,OneStudyTeam,Remote,Not Specified,uk,2024-04-10 04:44:07.277668
Infrastructure Engineer - Data Infrastructure (Remote),CrowdStrike,Remote,Not Specified,uk,2024-04-10 04:44:07.277668
Principal Data Engineer,Places for People,Remote,Not Specified,uk,2024-04-10 04:44:07.277668
AWS DataOps Engineers,TalentZone,Hybrid work,Not Specified,uk,2024-04-10 04:44:07.277668
Data Engineer,Baanx Group Ltd,Remote,Not Specified,uk,2024-04-10 04:44:07.277668
Data Engineer,RIPA AI,Remote,Not Specified,uk,2024-04-10 04:44:07.277668
Data Engineer,Artemis Recruits,Remote,Not Specified,uk,2024-04-10 04:44:07.277668
Founding Data Engineer,Nolea Health,Remote,Not Specified,uk,2024-04-10 04:44:07.277668
Data Engineer,carto,Remote,Not Specified,uk,2024-04-10 04:44:07.277668
Senior Data Engineer,XCM,Remote,Not Specified,uk,2024-04-10 04:44:07.277668
Lead Data Engineer,Olsam Group,Hybrid work,Not Specified,uk,2024-04-10 04:44:07.277668
Senior Data Engineer,Scanline VFX,Remote,Not Specified,uk,2024-04-10 04:44:07.277668
Senior Data Engineer,Giacom,Remote,Not Specified,uk,2024-04-10 04:44:07.277668
Senior Data Engineer,i6 Systems,Remote,Not Specified,uk,2024-04-10 04:44:07.277668
Principal Platform Data Engineer,Ocho,Remote,Not Specified,uk,2024-04-10 04:44:07.277668
Senior Data Engineer,CobbleWeb,Remote,Not Specified,uk,2024-04-10 04:44:07.277668
Data Engineer,IT Talent Hub,Remote,Not Specified,uk,2024-04-10 04:44:07.277668
Principal Data Engineer (Viator),Tripadvisor,Remote,Not Specified,uk,2024-04-10 04:44:07.277668
OUTSIDE IR35 Data Engineer,Tact IT,Remote,Not Specified,uk,2024-04-10 04:44:07.277668
Data Engineer (ID\538),Optimus E2E Limited,Remote,Not Specified,uk,2024-04-10 04:44:07.277668
Senior Data Engineer,"i6 Group, Ltd.",Remote,Not Specified,uk,2024-04-10 04:44:07.277668
Lead Data Engineer,i6 Systems,Remote,Not Specified,uk,2024-04-10 04:44:07.277668
Software Engineer - Data,Data Analytics,Remote,Not Specified,uk,2024-04-10 04:44:07.277668
Senior Data Engineer,Oxwash,Remote,Not Specified,uk,2024-04-10 04:44:07.277668
Lead Data Engineer,"i6 Group, Ltd.",Remote,Not Specified,uk,2024-04-10 04:44:07.277668
Data Cabling Engineer,Darke & Taylor Ltd,Remote,Not Specified,uk,2024-04-10 04:44:07.277668
Principal Data Engineering Consultant,Advancing Analytics,Remote,Not Specified,uk,2024-04-10 04:44:07.277668
Senior BI Developer,Dataworks,Remote,Not Specified,uk,2024-04-10 04:44:07.277668
Senior Data Engineering Consultant,Advancing Analytics,Remote,Not Specified,uk,2024-04-10 04:44:07.277668
Oracle Business Intelligence - OBIEE,Blupace,Remote,Not Specified,uk,2024-04-10 04:44:07.277668
Business Intelligence Engineer,Midnite,Remote,Not Specified,uk,2024-04-10 04:44:07.277668
SQL Server Developer,Blues Point,Remote,Not Specified,uk,2024-04-10 04:44:07.277668
Senior SQL Developer,Synechron,Hybrid work,Not Specified,uk,2024-04-10 04:44:07.277668
Ab Initio Developer,Infoplus Technologies,Remote,Not Specified,uk,2024-04-10 04:44:07.277668
SSAS Administrator,Soloman Search,Remote,Not Specified,uk,2024-04-10 04:44:07.277668
SIPP & SSAS Manager,Profile Search and Selection Ltd,Remote,Not Specified,uk,2024-04-10 04:44:07.277668
OBIEE Consultant / OBIEE Developer / Oracle OBIEE Consultant / BI Developer (OBIEE),JSAN Consulting,Remote,Not Specified,uk,2024-04-10 04:44:07.277668
QA Engineer,Equiniti,Remote,Not Specified,uk,2024-04-10 04:44:26.266864
QA Engineer,Compuco,Remote,Not Specified,uk,2024-04-10 04:44:26.266864
QA Analyst,Shawbrook Bank,Remote,Not Specified,uk,2024-04-10 04:44:26.266864
QA Engineer (Manual),Orange Quarter,Remote,Not Specified,uk,2024-04-10 04:44:26.266864
QA Engineer - Automation,SS&C,Remote,Not Specified,uk,2024-04-10 04:44:26.266864
Senior QA Manager,SS&C,Remote,Not Specified,uk,2024-04-10 04:44:26.266864
SDET with C# Experience,Solo Search,Remote,Not Specified,uk,2024-04-10 04:44:26.266864
Senior QA Engineer UK,Chronos Consulting,Remote,Not Specified,uk,2024-04-10 04:44:26.266864
QA Engineer - Hybrid,Software Delivery (Technical),Remote,Not Specified,uk,2024-04-10 04:44:26.266864
Senior QA Engineer,Fdo Consulting Limited,Remote,Not Specified,uk,2024-04-10 04:44:26.266864
QA Analyst (with SQL),Global Vigilance - Harris Computer Guardian...,Remote,Not Specified,uk,2024-04-10 04:44:26.266864
Mid Level QA Engineer,System1,Remote,Not Specified,uk,2024-04-10 04:44:26.266864
QA Automation Engineer,ControlUp,Remote,Not Specified,uk,2024-04-10 04:44:26.266864
QA Analyst,Opulence Recruitment Ltd,Remote,Not Specified,uk,2024-04-10 04:44:26.266864
Software Quality Assurance Manager,Stonebridge Mortgage Solutions Limited,Remote,Not Specified,uk,2024-04-10 04:44:26.266864
Head of Quality Assurance,Ciphr,Remote,Not Specified,uk,2024-04-10 04:44:26.266864
Senior Test Automation Engineer,Balance Talent Solutions,Remote,Not Specified,uk,2024-04-10 04:44:26.266864
QA Automation Lead,Feefo Holdings Ltd,Hybrid work,Not Specified,uk,2024-04-10 04:44:26.266864
Lead QA Automation Engineer,Balance Talent Solutions,Remote,Not Specified,uk,2024-04-10 04:44:26.266864
Automation Quality Assurance Engineer,Kuoni Tumlare,Hybrid work,Not Specified,uk,2024-04-10 04:44:26.266864
Test Engineer,DigitalGenius,Remote,Not Specified,uk,2024-04-10 04:44:26.266864
Laravel Developer,Transition Partners,Remote,Not Specified,uk,2024-04-10 04:44:49.198916
Senior WordPress Developer,Box UK,Remote,Not Specified,uk,2024-04-10 04:44:49.198916
Senior Web Developer - Shopify,Blu Digital,Remote,Not Specified,uk,2024-04-10 04:44:49.198916
Design Engineer (Web & Brand),Seqera,Remote,Not Specified,uk,2024-04-10 04:44:49.198916
Frontend Development Engineers,The DP Group,Remote,Not Specified,uk,2024-04-10 04:44:49.198916
Android Developer,Shuggr,Remote,Not Specified,uk,2024-04-10 04:44:49.198916
Senior Frontend Engineer – AI Cyber Security,Propel Together,Remote,Not Specified,uk,2024-04-10 04:44:49.198916
RPA Developer Intern - Milano [DIG],PwC Italy,Not Specified,Tempo pieno,it,2024-04-10 04:45:07.457222
SVILUPPATORE FULL STACK,Green Vulcano S.r.l.,Not Specified,25.000 € - 38.000 € all'anno,it,2024-04-10 04:45:07.457222
"Sviluppatore Java, .Net, Angular, PL/SQL, ABAP",Area IT Group,Not Specified,25.000 € - 40.000 € all'anno,it,2024-04-10 04:45:07.457222
Junior Front-end Developer | Smart Working,Claranet Italia,Remoto,Not Specified,it,2024-04-10 04:45:07.457222
Junior Software Developer - Full Remote,Buckler,Remoto,Not Specified,it,2024-04-10 04:45:07.457222
SQL Developer,Programs & Projects Consulting,Remoto,Tempo pieno,it,2024-04-10 04:45:07.457222
Front-End Developer,Packly,Remoto,Tempo pieno,it,2024-04-10 04:45:07.457222
Junior - Full Stack Developer at Skipso,Skipso,Remoto,24.000 € - 36.000 € all'anno,it,2024-04-10 04:45:07.457222
Junior Full-Stack Developer (.NET/JAVASCRIPT),NSI - NIER Soluzioni Informatiche S.r.l.,Remoto,Not Specified,it,2024-04-10 04:45:07.457222
Java Developer,DPWAY,Remoto,Not Specified,it,2024-04-10 04:45:07.457222
Frontend developer,Testudo,Remoto,Not Specified,it,2024-04-10 04:45:07.457222
Front-End Developer Freelance,Odda Studio,Remoto,Contratto con partita IVA,it,2024-04-10 04:45:07.457222
Java Developer - Remote working,Enginium srl,Remoto,Tempo indeterminato,it,2024-04-10 04:45:07.457222
PHP DEVELOPER JUNIOR,ISWEB,Remoto,Not Specified,it,2024-04-10 04:45:07.457222
Front End Developer,Enetworks srl,Not Specified,Not Specified,it,2024-04-10 04:45:07.457222
Sviluppatori .NET,AGM Solutions,Not Specified,Tempo pieno,it,2024-04-10 04:45:07.457222
Java Developer,Programs & Projects Consulting,Remoto,Tempo pieno,it,2024-04-10 04:45:07.457222
Frontend,Clariter Academy,Remoto,Not Specified,it,2024-04-10 04:45:07.457222
R&D Software Engineer,Strumenta,Remoto,50.000 € - 60.000 € all'anno,it,2024-04-10 04:45:07.457222
REACT DEVELOPER,Gecal srl,Remoto,Not Specified,it,2024-04-10 04:45:07.457222
Backend Engineer - Italy,BizAway,Remoto,Not Specified,it,2024-04-10 04:45:07.457222
SHOPIFY DEVELOPER,byte-code spa,Remoto,Tempo pieno,it,2024-04-10 04:45:07.457222
Unity game developer,Spicy Sparks,Remoto,Not Specified,it,2024-04-10 04:45:07.457222
Java Developer,People First s.r.l,Remoto,Not Specified,it,2024-04-10 04:45:07.457222
Backend developer,Testudo,Remoto,Not Specified,it,2024-04-10 04:45:07.457222
Frontend Engineer - Italy,BizAway,Remoto,Not Specified,it,2024-04-10 04:45:07.457222
SOFTWARE ENGINEER .NET,BSolutions Group,Remoto,Tempo pieno,it,2024-04-10 04:45:07.457222
Symfony Developer - Full Remote,Westhouse Italia Srl,Remoto,Tempo pieno,it,2024-04-10 04:45:07.457222
Frontend Web Developer,Terishield,Remoto,Not Specified,it,2024-04-10 04:45:07.457222
React developer,Spicy Sparks,Remoto,Not Specified,it,2024-04-10 04:45:07.457222
Software Engineer Customer Service (m/f/d),MB Automation GmbH & Co. KG,Not Specified,Not Specified,it,2024-04-10 04:45:29.987194
SVILUPPATORE FRONTEND,Ns12,Not Specified,Not Specified,it,2024-04-10 04:45:29.987194
Developer - Albania,it's prodigy,Remoto,Contratto con partita IVA,it,2024-04-10 04:45:29.987194
PYTHON DEVELOPER,Gruppo Sicis,Not Specified,Not Specified,it,2024-04-10 04:45:29.987194
Sviluppatore Typescript,Setting Srl,Not Specified,28.000 € - 34.000 € all'anno,it,2024-04-10 04:45:29.987194
Full stack Developer,AC&D Technologies,Remoto,Tempo pieno,it,2024-04-10 04:45:29.987194
Developer C# - WPF - HMI,Dolmen Srl,Remoto,Tempo indeterminato +1,it,2024-04-10 04:45:29.987194
Front-End Developer - Angular,it's prodigy,Remoto,Contratto con partita IVA,it,2024-04-10 04:45:29.987194
SVILUPPATORE FRONT-END,Gruppo Sicis,Not Specified,Not Specified,it,2024-04-10 04:45:29.987194
React Developer,AGM SOLUTIONS s.r.l.,Not Specified,Part-time,it,2024-04-10 04:45:29.987194
Sviluppatore Java Junior,TRIA S.r.l.,Not Specified,Not Specified,it,2024-04-10 04:45:29.987194
Node.js Developer,Beije - People First,Remoto,Tempo pieno +1,it,2024-04-10 04:45:29.987194
Front End Developer - React,it's prodigy,Remoto,Not Specified,it,2024-04-10 04:45:29.987194
Sviluppatore React,Gielle Informatica Recruiting,Remoto,Tempo pieno,it,2024-04-10 04:45:29.987194
Java Developer,TransTec Services,Remoto,Not Specified,it,2024-04-10 04:45:29.987194
Full stack developer (full - remote),it's prodigy,Remoto,Contratto con partita IVA,it,2024-04-10 04:45:29.987194
Full Stack Developer,Dacomat srl,Not Specified,Tempo pieno,it,2024-04-10 04:45:29.987194
C++ Developer,TransTec Services,Not Specified,Not Specified,it,2024-04-10 04:45:29.987194
SVILUPPATORE BACKEND,Ns12,Not Specified,Tempo pieno,it,2024-04-10 04:45:29.987194
Sviluppatore Front-end,Gielle Informatica Recruiting,Remoto,Tempo pieno,it,2024-04-10 04:45:29.987194
Front-end Vue.js Developer,Vianova spa,Remoto,Not Specified,it,2024-04-10 04:45:29.987194
Software Engineer - Model Registry,Red Hat Software,Remoto,Tempo pieno,it,2024-04-10 04:45:29.987194
Frontend Developer (Angular),Innovation Engineering Srl,Remoto,Not Specified,it,2024-04-10 04:45:29.987194
Sviluppatore Node.js,Gielle Informatica Recruiting,Remoto,Tempo pieno,it,2024-04-10 04:45:29.987194
"WEB DEVELOPER - PHP, MYSQL, HTML, CSS",PARTITA TRIPLA,Not Specified,Not Specified,it,2024-04-10 04:45:29.987194
programmatore python,Gruppo Sincrono,Remoto,Tempo pieno +2,it,2024-04-10 04:45:29.987194
FULL STACK WEB ENGINEER (JUNIOR),Gorilla Technologies,Remoto,Not Specified,it,2024-04-10 04:45:29.987194
Full Stack Developer,Netsons,Remoto,30.000 € - 40.000 € all'anno,it,2024-04-10 04:45:29.987194
Back-end Laravel Developer,Vianova spa,Remoto,Not Specified,it,2024-04-10 04:45:29.987194
Front-End Developer ri fCLS,Evaluating srl,Remoto,Tempo pieno,it,2024-04-10 04:45:29.987194
Java Software Engineer,PROXIMA GROUP,Remoto,Tempo pieno,it,2024-04-10 04:45:29.987194
Python Back-End Developer,Dolmen SRL,Remoto,Not Specified,it,2024-04-10 04:45:29.987194
React Developer,Key2,Remoto,Not Specified,it,2024-04-10 04:45:29.987194
Sviluppatore – Full Stack Developer – Programmatore software,Elfo srl,Not Specified,Tempo pieno,it,2024-04-10 04:45:29.987194
Software Engineer Angular,Beta 80 spa,Not Specified,Not Specified,it,2024-04-10 04:45:29.987194
Python Data Engineer,Sinergidea,Remoto,Tempo pieno,it,2024-04-10 04:45:29.987194
Software Engineer - Brazil,Voxy Inc,Remoto,Tempo pieno,it,2024-04-10 04:45:29.987194
Frontend Developer,Guanxi,Not Specified,Not Specified,it,2024-04-10 04:45:29.987194
Developer Pl-Sql,Rextart,Remoto,Not Specified,it,2024-04-10 04:45:29.987194
Programmatore C#,Setting Srl,Not Specified,30.000 € - 35.000 € all'anno,it,2024-04-10 04:45:29.987194
Sviluppatore Java,Gielle Informatica Recruiting,Remoto,Tempo pieno,it,2024-04-10 04:45:29.987194
Fullstack Developer,Mediatica,Remoto,Tempo pieno,it,2024-04-10 04:45:29.987194
Frontend Developer (Freelance/P.IVA),Wiselyst,Remoto,Contratto con partita IVA,it,2024-04-10 04:45:29.987194
React Native Developer,Gielle Informatica Recruiting,Remoto,Tempo pieno,it,2024-04-10 04:45:29.987194
Back-End Developer rif CLS,Evaluating srl,Remoto,Tempo pieno,it,2024-04-10 04:45:29.987194
.Net Developer,Key2,Remoto,Tempo indeterminato,it,2024-04-10 04:45:29.987194
Sviluppatore React Middle,Gielle Informatica Recruiting,Remoto,Tempo pieno,it,2024-04-10 04:45:29.987194
Analista Programmatore AS400/RPG ILE,Gruppo Sincrono,Remoto,Tempo determinato +1,it,2024-04-10 04:45:29.987194
Full Stack Nodejs-Vuejs,Tactical People S.r.l,Remoto,Tempo pieno,it,2024-04-10 04:45:29.987194
.NET Backend Software Developer,abmStudio,Not Specified,Not Specified,it,2024-04-10 04:45:29.987194
Java Developer Intermediate,DILS srl,Remoto,Contratto con partita IVA,it,2024-04-10 04:45:29.987194
SVILUPPATORE FULL STACK,Ns12,Not Specified,Tempo pieno,it,2024-04-10 04:45:29.987194
Sr. Software Engineer,Congrify,Remoto,Not Specified,it,2024-04-10 04:45:29.987194
Junior Data Engineer - ETL (f/m/x),Joivy,Not Specified,Tempo pieno,it,2024-04-10 04:46:15.996819
Data Engineer,Craon srl,Not Specified,Tempo indeterminato,it,2024-04-10 04:46:15.996819
DATA ENGINEER,LUBEA,Remoto,Not Specified,it,2024-04-10 04:46:15.996819
Data Engineer,TopNetwork S.p.A.,Remoto,Not Specified,it,2024-04-10 04:46:15.996819
Data Engineer,Witailer,Remoto,Tempo pieno,it,2024-04-10 04:46:15.996819
Data Engineer Azure,Craon srl,Not Specified,Tempo indeterminato,it,2024-04-10 04:46:15.996819
Data Engineer (PRDR),Herzum Software S.R.L. Unipersonale,Remoto,Tempo pieno,it,2024-04-10 04:46:15.996819
Architetto/ interior designer navale - lavoro a bordo di navi Costa Crociere,Costa Crociere,Not Specified,Tempo determinato,it,2024-04-10 04:46:15.996819
Data Engineer - Microsoft Azure,Proxima Group,Remoto,Tempo pieno,it,2024-04-10 04:46:15.996819
Data Analyst di Prodotto,aruba.it,Not Specified,Not Specified,it,2024-04-10 04:46:15.996819
DATA ENGINEER AWS (1419),RL Italia s.r.l.,Remoto,Tempo pieno,it,2024-04-10 04:46:15.996819
Field Service Engineer (m/f/d),Bruker,Remoto,Not Specified,it,2024-04-10 04:46:15.996819
Back-End Engineer - Creator Team,Jimdo,Remoto,Tempo pieno,it,2024-04-10 04:46:15.996819
Data Scientist ( remote working),EgoValeo,Remoto,40.000 € - 60.000 € all'anno,it,2024-04-10 04:46:15.996819
Field Service Engineer,Bruker,Remoto,Tempo pieno +1,it,2024-04-10 04:46:15.996819
Data Engineer (Pricing & Underwriting),Prima Assicurazioni,Remoto,Tempo pieno,it,2024-04-10 04:46:15.996819
Artificial Intelligence Engineer,Hunters Group,Not Specified,45.000 € - 55.000 € all'anno,it,2024-04-10 04:46:15.996819
MLOps Engineer Middle (BIF),Herzum Software S.R.L. Unipersonale,Remoto,Tempo pieno,it,2024-04-10 04:46:15.996819
Project Manager Junior,aruba.it,Not Specified,Not Specified,it,2024-04-10 04:46:15.996819
DEV DataEngineer SQL/SSIS,F2informatica s.r.l.,Not Specified,Tempo pieno,it,2024-04-10 04:46:15.996819
Software Engineer - Blockchain & Web3,aruba.it,Not Specified,Not Specified,it,2024-04-10 04:46:15.996819
DevOps Engineer,aruba.it,Not Specified,Not Specified,it,2024-04-10 04:46:15.996819
PLS Sales Engineer,Rubrik Job Board,Not Specified,Not Specified,it,2024-04-10 04:46:15.996819
Sr Principal Consultant Engineer,Aspen Technology,Not Specified,Tempo pieno,it,2024-04-10 04:46:15.996819
Architetto libero professionista,Green Terrae,Remoto,1.000 € - 4.000 € al mese,it,2024-04-10 04:46:15.996819
Junior Cloud & DevOps Engineer,SPINDOX SPA,Remoto,Apprendistato,it,2024-04-10 04:46:15.996819
Procurement Process Owner - Ufficio Acquisti,aruba.it,Not Specified,Not Specified,it,2024-04-10 04:46:15.996819
Senior Specialist Solutions Engineer,Databricks,Remoto,Not Specified,it,2024-04-10 04:46:15.996819
Middle BI Developer Qlik Power BI Tableau,Beasy4BIZ,Remoto,Tempo pieno,it,2024-04-10 04:46:15.996819
Product Manager Cloud,aruba.it,Not Specified,Not Specified,it,2024-04-10 04:46:15.996819
Environmental & Energy Specialist,aruba.it,Not Specified,Not Specified,it,2024-04-10 04:46:15.996819
Analog and Digital Design Engineer,Analog Devices,Not Specified,Not Specified,it,2024-04-10 04:46:15.996819
Software Engineer MES,Aveva,Not Specified,Tempo pieno,it,2024-04-10 04:46:15.996819
Facility Management - Electrical Engineer,Human Technopole,Not Specified,Fino a 45.000 € all'anno,it,2024-04-10 04:46:15.996819
AWS REDSHIFT DEVELOPER,LUBEA,Remoto,Not Specified,it,2024-04-10 04:46:15.996819
Senior Machine Learning Engineer,Prima Assicurazioni,Remoto,Tempo pieno,it,2024-04-10 04:46:15.996819
Senior Backend Engineer,Swapcard,Remoto,Tempo pieno,it,2024-04-10 04:46:15.996819
Senior Back-End Engineer,Jimdo,Remoto,Tempo pieno,it,2024-04-10 04:46:15.996819
Cloud Technical Architect,aruba.it,Not Specified,Not Specified,it,2024-04-10 04:46:15.996819
Software Architect Java,aruba.it,Not Specified,Not Specified,it,2024-04-10 04:46:15.996819
Software test engineer (BIF),Herzum Software S.R.L. Unipersonale,Not Specified,Tempo pieno,it,2024-04-10 04:46:15.996819
NOC Network Engineer senior,Vem Sistemi S.p.A.,Not Specified,Not Specified,it,2024-04-10 04:46:15.996819
Sr. Product Security Engineer,Databricks,Remoto,Not Specified,it,2024-04-10 04:46:15.996819
"Senior Java Software Engineer, Internal Tooling",Sympower,Remoto,Tempo pieno,it,2024-04-10 04:46:15.996819
QA Automation Test,Elty,Remoto,300 € - 370 € al mese,it,2024-04-10 04:46:31.911566
Full Stack Web Developer,PaLEoS srl,Not Specified,Tempo pieno,it,2024-04-10 04:46:55.101223
JAVA DEVELOPER - DUBLINO,ACTION ICT SRL,Not Specified,Tempo pieno,it,2024-04-10 04:46:55.101223
Web Developer .Net/React,reMedia,Remoto,Tempo pieno,it,2024-04-10 04:46:55.101223
Full-Stack Developer & Digital Marketing Specialist,Polinex Inc.,Teletrabajo,De 2.000 € a 2.500 € al mes,es,2024-04-10 04:47:11.725337
Backend Software Developer - Remote within the EU,Best Recruitment,Teletrabajo,Not Specified,es,2024-04-10 04:47:11.725337
"Software Developer, 100% En remoto",TDM Solutions,Teletrabajo,Contrato indefinido,es,2024-04-10 04:47:11.725337
Software Engineer,GT Motive,Teletrabajo,Not Specified,es,2024-04-10 04:47:11.725337
Java developer,Open sistemas,Teletrabajo,Not Specified,es,2024-04-10 04:47:11.725337
Java Developer con AWS (100% remoto),Profile Software Services,Teletrabajo,Jornada completa,es,2024-04-10 04:47:11.725337
"Frontend Engineer - Observability - (Remote, Spain)",Grafana Labs,Teletrabajo,Not Specified,es,2024-04-10 04:47:11.725337
"Fullstack Developer, 100% En remoto",Grupo Sermicro,Teletrabajo,De 36.000 € a 48.000 € al año,es,2024-04-10 04:47:11.725337
Senior Full-stack Software Engineer,Novatec Software Engineering España SL,Teletrabajo,Not Specified,es,2024-04-10 04:47:11.725337
Customer Support Consultant,Decos,Teletrabajo,Jornada completa,es,2024-04-10 04:47:11.725337
PHP developer,Open sistemas,Teletrabajo,Not Specified,es,2024-04-10 04:47:11.725337
Software Developer | Value Frameworks (Spain),Copperleaf Technologies Inc.,Teletrabajo,Not Specified,es,2024-04-10 04:47:11.725337
Business Developer - Venta de Software inmobiliario,RealAdvisor,Not Specified,De 2.000 € a 10.000 € al mes,es,2024-04-10 04:47:11.725337
Senior Software Engineer,InnoCraft,Teletrabajo,Not Specified,es,2024-04-10 04:47:11.725337
Python Developer (Canary Islands),SHUTTLE99 OU,Teletrabajo,Not Specified,es,2024-04-10 04:47:11.725337
.NET Software Developer,Plexus,Teletrabajo,Not Specified,es,2024-04-10 04:47:11.725337
Software Developer (frontend & backend),GT Motive,Teletrabajo,Not Specified,es,2024-04-10 04:47:11.725337
Backend Engineer,Nextail,Teletrabajo,Jornada completa,es,2024-04-10 04:47:11.725337
PHP Developer,KenTech,Teletrabajo,Jornada completa,es,2024-04-10 04:47:11.725337
Senior Frontend Developer (all genders),PIA GmbH,Teletrabajo,Not Specified,es,2024-04-10 04:47:11.725337
"Big Data IA Developer Remote, 100% En remoto",ZYLK,Teletrabajo,Not Specified,es,2024-04-10 04:47:11.725337
Java/Spring Developer,Plexus,Teletrabajo,Not Specified,es,2024-04-10 04:47:11.725337
PHP Developer (Full remote within Spain),leadtech,Teletrabajo,Jornada completa,es,2024-04-10 04:47:11.725337
Senior Backend Developer,SeQura,Teletrabajo,Jornada completa,es,2024-04-10 04:47:11.725337
Senior Software Engineer,Confluence Technologies,Teletrabajo,Jornada completa +1,es,2024-04-10 04:47:11.725337
Backend Developer,Qualifio,Trabajo híbrido,Jornada completa,es,2024-04-10 04:47:11.725337
Java Software Engineer (Groovy Script Experience needed,Recruit 121 Group,Teletrabajo,Not Specified,es,2024-04-10 04:47:11.725337
Software Engineer / Fullstack Developer,getemil.io,Teletrabajo,30.000 € al año,es,2024-04-10 04:47:11.725337
Senior Backend Engineer,Akiles,Teletrabajo,Not Specified,es,2024-04-10 04:47:34.463347
PHP Developer (Symfony),Óscala,Teletrabajo,Jornada completa,es,2024-04-10 04:47:34.463347
Sr. Full Stack Developer - Remote,PSPDFKit,Teletrabajo,Jornada completa,es,2024-04-10 04:47:34.463347
Front-end Engineer,Carto,Teletrabajo,Jornada completa,es,2024-04-10 04:47:34.463347
Frontend Engineer,HeyTrade,Teletrabajo,Jornada completa,es,2024-04-10 04:47:34.463347
Senior Front End Developer – Full Time Remote,Microapps,Teletrabajo,Jornada completa,es,2024-04-10 04:47:34.463347
Senior Frontend Developer Games (remote Europe),Booming Games,Teletrabajo,Autónomo,es,2024-04-10 04:47:34.463347
Backend Developer,Trust 2 Sales,Teletrabajo,Jornada completa,es,2024-04-10 04:47:34.463347
Desarrollador PHP (h/m/o) – 100% remote,publicplan GmbH,Teletrabajo,Media jornada +1,es,2024-04-10 04:47:34.463347
Full Stack Developer,Synergy Games,Teletrabajo,Not Specified,es,2024-04-10 04:47:34.463347
Programador Java / backend developer,Serbyte Servicios IT,Teletrabajo,De 27.000 € a 33.000 € al año,es,2024-04-10 04:47:34.463347
Ingeniero de Software para Contact Center,Krell Consulting,Teletrabajo,Not Specified,es,2024-04-10 04:47:34.463347
Frontend Developer Angular Js,Soft Dev Team,Teletrabajo,"De 2.000,00 € a 8.874,04 € al mes",es,2024-04-10 04:47:34.463347
Backend Developer,Octopus Energy Group,Teletrabajo,Jornada completa,es,2024-04-10 04:47:34.463347
Remote Supportmitarbeiter:in Spanien,Kazaar,Teletrabajo,Not Specified,es,2024-04-10 04:47:34.463347
"Fullstack Developer (Node.js, React, NoSQL, SQL)",Skrapp.io,Teletrabajo,Jornada completa,es,2024-04-10 04:47:34.463347
Product Developer,Qatium,Teletrabajo,Jornada completa,es,2024-04-10 04:47:34.463347
Senior Software Developer,"WatchGuard Technologies, Inc.",Teletrabajo,Jornada completa,es,2024-04-10 04:47:34.463347
QA Tester,Agile Content,Teletrabajo,Not Specified,es,2024-04-10 04:47:34.463347
Senior Back End Developer – Full Time InHouse,Microapps,Teletrabajo,Jornada completa,es,2024-04-10 04:47:34.463347
Java Developer,Adroit People Ltd,Teletrabajo,De 62.000 € a 65.000 € al año,es,2024-04-10 04:47:34.463347
"Recopilación de Datos Agricolas (Valladolid, Spain)",Agreena,Teletrabajo,Autónomo,es,2024-04-10 04:47:34.463347
"Brand, Press & Social Manager",Carto,Teletrabajo,Jornada completa,es,2024-04-10 04:47:34.463347
Programador/a Senior Java 8 o +. Remoto,Krell Consulting,Teletrabajo,44.000 € al año,es,2024-04-10 04:47:34.463347
Frontend 3D Graphics Developer,Planner 5D,Teletrabajo,Contrato temporal,es,2024-04-10 04:47:34.463347
University Program Intern,Algorand Foundation,Teletrabajo,Contrato en prácticas,es,2024-04-10 04:47:34.463347
Senior Java Developer (m/w/d),Quantum International Málaga,Teletrabajo,Autónomo,es,2024-04-10 04:47:34.463347
Solution Sales Specialist,Applied Software Technology,Teletrabajo,Jornada completa,es,2024-04-10 04:47:34.463347
QA Tester,Omega CRM,Teletrabajo,Contrato indefinido,es,2024-04-10 04:47:34.463347
Senior Java Fullstack Engineer,Webfleet Solutions,Teletrabajo,Not Specified,es,2024-04-10 04:47:34.463347
Senior Python (Django) Developer,Óscala,Teletrabajo,Jornada completa,es,2024-04-10 04:47:34.463347
"Senior Software Engineer - React, Conversational AI",Hubtype,Teletrabajo,Jornada completa,es,2024-04-10 04:47:34.463347
Senior Software Development Engineer H/M,Inetum,Teletrabajo,Contrato indefinido,es,2024-04-10 04:47:34.463347
Developer/Consultant for SAP Sustainability Solutions (Europe),opesus,Teletrabajo,Jornada completa,es,2024-04-10 04:47:34.463347
Senior Product Marketing Manager (Spain & EU Remote),WebPros,Teletrabajo,Jornada completa,es,2024-04-10 04:47:34.463347
Python Developer (Infrastructure Security Team),Semrush,Teletrabajo,Jornada completa,es,2024-04-10 04:47:34.463347
Chief Technology Officer,Mankind Technologies,Trabajo híbrido,De 35.000 € a 40.000 € al año,es,2024-04-10 04:47:34.463347
General Magic - Product Manager,Giveth,Teletrabajo,Jornada completa,es,2024-04-10 04:47:34.463347
BI & Data Engineer,MAPAL Group,Teletrabajo,Jornada completa +1,es,2024-04-10 04:47:34.463347
Senior Quality Assurance Engineer,Airalo,Teletrabajo,Jornada completa,es,2024-04-10 04:47:34.463347
Senior QA Engineer,Óscala,Teletrabajo,Jornada completa,es,2024-04-10 04:47:34.463347
Senior Salesforce Developer,Óscala,Teletrabajo,Jornada completa,es,2024-04-10 04:47:34.463347
Senior Front-end Engineer (Vue.js),"M47 Labs & International Fiducia, S.L.",Trabajo híbrido,Jornada completa,es,2024-04-10 04:47:34.463347
Full-stack Software Engineer (PHP) (m/f/x) - remote in Germany,WIRmachenDRUCK,Homeoffice,Vollzeit +1,de,2024-04-10 05:13:13.530432
Senior Software Developer (m/w/d),SEITENBAU GmbH,Homeoffice,Vollzeit +2,de,2024-04-10 05:13:13.530432
Junior Software Developer (m/w/d),firstwaters,Homeoffice,Not Specified,de,2024-04-10 05:13:13.530432
Full Stack Developer (m/w/d),brainymotion AG,Homeoffice,Ab 50.000 € pro Jahr,de,2024-04-10 05:13:13.530432
Java Developer (m/w/d) - Konstanz oder remote,SEITENBAU GmbH,Homeoffice,Vollzeit +2,de,2024-04-10 05:13:13.530432
Fullstack Developer (m/w/d) - remote,DTAD GmbH,Homeoffice,Vollzeit +1,de,2024-04-10 05:13:13.530432
Softwareentwickler (m/w/d),onOffice GmbH,Homeoffice,Vollzeit +1,de,2024-04-10 05:13:13.530432
(Senior) Software Developer .NET (m/w/d),Walter Services GmbH,Homeoffice,Not Specified,de,2024-04-10 05:13:13.530432
Full Stack Developer (m/w/d),MONDAY.ROCKS GmbH,Homeoffice,Vollzeit +1,de,2024-04-10 05:13:13.530432
Software Developer mit Schwerpunkt VBA Excel (m/w/d),jovoco GmbH,Homeoffice,3.000 € – 5.000 € pro Monat,de,2024-04-10 05:13:13.530432
Full Stack Developer (m/w/d),L/G Research,Homeoffice,Vollzeit +1,de,2024-04-10 05:13:13.530432
Full Stack Developer - Full Stack Entwickler (m/w/d),jovoco GmbH,Homeoffice,45.000 € – 60.000 € pro Jahr,de,2024-04-10 05:13:13.530432
C++ Developer,Metrica Recruitment,Not Specified,90.000 € pro Jahr,de,2024-04-10 05:13:13.530432
Full Stack Developer Typescript/.NET (m/w/d),pro|nodes GmbH,Homeoffice,48.000 € – 65.000 € pro Jahr,de,2024-04-10 05:13:13.530432
Senior Fullstack Developer – Technical Lead (m/f/d),IU Internationale Hochschule,Homeoffice,Vollzeit,de,2024-04-10 05:13:13.530432
Java Software Developer (m/w/d),KA Resources,Homeoffice,Vollzeit,de,2024-04-10 05:13:13.530432
PHP Developer (m/w/d) Remote oder Hybrid,WTT CampusONE GmbH,Homeoffice,Vollzeit,de,2024-04-10 05:13:13.530432
Senior React / React Native Developer,Tantum AG,Homeoffice,60.000 € – 90.000 € pro Jahr,de,2024-04-10 05:13:13.530432
Fullstack Developer (m/w/d) für neues Startup,DIGITALE NEUORDNUNG,Homeoffice,70.000 € – 100.000 € pro Jahr,de,2024-04-10 05:13:13.530432
Backend Developer | Fulltime | 100% Remote possible,Prospeum GmbH,Homeoffice,45.000 € – 90.000 € pro Jahr,de,2024-04-10 05:13:13.530432
Senior Software Developer (m/w/d),Working Software GmbH,Homeoffice,Not Specified,de,2024-04-10 05:13:13.530432
Backend Developer (m/w/d),they Consulting GmbH,Homeoffice,55.000 € – 80.000 € pro Jahr,de,2024-04-10 05:13:13.530432
"PHP-Software-Developer Backend (m/f/d), Remote/freelance",Local Brand X GmbH,Homeoffice,Vollzeit,de,2024-04-10 05:13:13.530432
Innovative Software Artisan - Senior Software Developer (d/f/m) - Unleash Your Creativity with Us!,ATLAS.ti Scientific Software Development GmbH,Homeoffice,60.000 € – 90.000 € pro Jahr,de,2024-04-10 05:13:13.530432
Junior Software Developer,Bitly,Homeoffice,48 € pro Stunde,de,2024-04-10 05:13:13.530432
(Senior) Software Developer - Anwendungsentwicklung (m/w/d),SYNCPILOT Group,Homeoffice,Not Specified,de,2024-04-10 05:13:13.530432
Software Developer Typescript,CROSS Solution,Homeoffice,Not Specified,de,2024-04-10 05:13:13.530432
Talented Backend Developer (m/f/d),Vicoland,Homeoffice,Not Specified,de,2024-04-10 05:13:13.530432
Backend/Fullstack Developer (f/m/d),ValueWorks GmbH,Homeoffice,Vollzeit,de,2024-04-10 05:13:13.530432
C++ Software Developer (m/w/d),Avision GmbH,Not Specified,Vollzeit +2,de,2024-04-10 05:13:36.010516
Frontend / Full-Stack Developer (m/w/d) vor Ort oder remote,dasistweb GmbH,Homeoffice,Bis zu 75.000 € pro Jahr,de,2024-04-10 05:13:36.010516
Full Stack Developer,Omnia Retail,Hybrides Arbeiten,Vollzeit,de,2024-04-10 05:13:36.010516
Junior Developer (m/f/x),Lightning Wire Labs GmbH,Homeoffice,Not Specified,de,2024-04-10 05:13:36.010516
Junior Backend Software Engineer,Caplena,Homeoffice,Vollzeit,de,2024-04-10 05:13:36.010516
Full Stack Developer,P&T Software,Homeoffice,Vollzeit,de,2024-04-10 05:13:36.010516
Full Stack Developer (m/w/d),Holz-Richter GmbH,Homeoffice,Not Specified,de,2024-04-10 05:13:36.010516
Backend developer (m/w/d),ServiceOcean,Homeoffice,Vollzeit +1,de,2024-04-10 05:13:36.010516
Software Developer (m_w_d),simplicity networks GmbH,Homeoffice,Not Specified,de,2024-04-10 05:13:36.010516
Frontend Developer (m/w/d),GAB-Solution GmbH,Homeoffice,60.000 € – 85.000 € pro Jahr,de,2024-04-10 05:13:36.010516
Werkstudent - Software Developer Python (m/w/d),ABRAMS world trade wiki,Homeoffice,Werkstudent,de,2024-04-10 05:13:36.010516
Full Stack Engineer,OpenEarth Foundation,Homeoffice,56.000 € – 83.000 € pro Jahr,de,2024-04-10 05:13:36.010516
"Java Developer (m/w/d), remote",vOffice Software,Homeoffice,Not Specified,de,2024-04-10 05:13:36.010516
Full Stack Developer with Frontend Focus (f/m/d),MYFLEXBOX Austria GmbH,Homeoffice,Ab 2.948 € pro Monat,de,2024-04-10 05:13:36.010516
Frontend Developer*in (m/w/d) 100%,FundraisingBox / Wikando GmbH,Homeoffice,Vollzeit +1,de,2024-04-10 05:13:36.010516
Backend Developer (m/w/d),EDITH GmbH & Co. KG,Homeoffice,Vollzeit +1,de,2024-04-10 05:13:36.010516
Software Developer (m/w/d),GeCOSoft mbH,Homeoffice,Not Specified,de,2024-04-10 05:13:36.010516
Fullstack Developer (m/w/d),vantago GmbH,Homeoffice,Vollzeit,de,2024-04-10 05:13:36.010516
(Senior) Software Developer (m/w/d),Actindo,Homeoffice,60.000 € – 80.000 € pro Jahr,de,2024-04-10 05:13:36.010516
Backend Developer (M/W/D),Coding Pioneers GmbH,Homeoffice,Vollzeit,de,2024-04-10 05:13:36.010516
Quereinstieg als Junior Salesforce Developer (all genders),InfoTip Service GmbH,Homeoffice,Not Specified,de,2024-04-10 05:13:36.010516
Frontend Developer (m/w/d) - Homeoffice | Remote,BREOS GmbH,Homeoffice,Vollzeit,de,2024-04-10 05:13:36.010516
(Senior) Software Developer (m/w/d) (Remote),Actindo AG,Homeoffice,Not Specified,de,2024-04-10 05:13:36.010516
TypeScript Backend Developer (m/w/d) - Remote,umsatz.io,Homeoffice,60.000 € – 72.000 € pro Jahr,de,2024-04-10 05:13:36.010516
Python Developer at Jarheads Tech ( Jarh_77 ),ALLPS GmbH,Homeoffice,Not Specified,de,2024-04-10 05:13:36.010516
Backend Developer – Python (f/m/d),Layover Solutions,Homeoffice,Vollzeit,de,2024-04-10 05:13:36.010516
Junior TYPO3 Software Developer,AK Recruiting,Homeoffice,50.000 € – 58.000 € pro Jahr,de,2024-04-10 05:13:36.010516
Software Developer VMS (m/w/d),Qognify,Homeoffice,Vollzeit,de,2024-04-10 05:13:36.010516
App Developer (m/f/d),Tabel GmbH,Hybrides Arbeiten,Vollzeit,de,2024-04-10 05:13:36.010516
Software Architect Java (m/w/d),Materna Information & Communications SE,Homeoffice,Vollzeit +1,de,2024-04-10 05:13:36.010516
System Application Developer (m/w/d),Rheinmetall IT Solutions GmbH,Not Specified,Not Specified,de,2024-04-10 05:13:36.010516
Full Stack Engineer (m/f/x),mavue,Homeoffice,Not Specified,de,2024-04-10 05:13:36.010516
"Senior Software Developer, m/f/x",Assense Software Solutions GmbH,Homeoffice,60.000 € – 90.000 € pro Jahr,de,2024-04-10 05:13:36.010516
Senior Software Developer (f|m|x),ACTICO,Homeoffice,Berufsausbildung,de,2024-04-10 05:13:36.010516
Full Stack Developer (gn),DSR Digital Solutions GmbH,Homeoffice,Vollzeit,de,2024-04-10 05:13:36.010516
Full Stack Engineer (m/w/d),Garantiemax GmbH,Homeoffice,Not Specified,de,2024-04-10 05:13:36.010516
Senior Fullstack Developer (m/w/d),cluetec GmbH,Homeoffice,Vollzeit,de,2024-04-10 05:13:36.010516
Java Developer (m/w/d),Noerr Solutions | Digital Recruitment,Homeoffice,50.000 € – 70.000 € pro Jahr,de,2024-04-10 05:13:36.010516
Senior Software Developer - Infrastruktur und Plattformen - m/w/d,WizardTales,Homeoffice,Vollzeit,de,2024-04-10 05:13:36.010516
NEW - Full-Stack Django Developer (REMOTE-JOB),VentoryOne GmbH,Homeoffice,30.000 € – 45.000 € pro Jahr,de,2024-04-10 05:13:36.010516
Algorithm & Optimization Backend Developer (m/f/d),Kerith,Homeoffice,Not Specified,de,2024-04-10 05:13:36.010516
Software Developer (mensch),annalect,Homeoffice,Vollzeit,de,2024-04-10 05:13:36.010516
Senior Software Engineer (m/w/d) - 100% Home Office,IBB Institut für Berufliche Bildung,Homeoffice,Vollzeit +1,de,2024-04-10 05:13:36.010516
Frontend Developer (m/w/d) React / Javascript / Typescript (Fully-Remote),Digitalich GmbH,Homeoffice,Vollzeit +1,de,2024-04-10 05:13:36.010516
Teamleiter:in Softwareentwicklung,Materna IPS GmbH,Not Specified,Vollzeit +1,de,2024-04-10 05:13:36.010516
Full Stack Developer (m/w/d),Avision GmbH,Homeoffice,Vollzeit +2,de,2024-04-10 05:13:36.010516
Software Development Team Lead (m/f/d),SimScale GmbH,Homeoffice,Not Specified,de,2024-04-10 05:13:36.010516
Software Engineer (Backend),Lightcurve GmbH,Homeoffice,Vollzeit,de,2024-04-10 05:13:36.010516
Software Developer VB6 / C# / VB.NET (m/w/d),Unimed Abrechnungsservice für Kliniken und...,Homeoffice,Vollzeit +1,de,2024-04-10 05:13:36.010516
.NET Software Developer (gn) 100% HomeOffice möglich,workidentity GmbH,Homeoffice,2.000 € pro Monat,de,2024-04-10 05:13:36.010516
PHP Developer (m/w/d),OXID eSales AG,Homeoffice,Vollzeit +1,de,2024-04-10 05:13:36.010516
Senior Backend Developer (W/M/D),onacy,Homeoffice,Vollzeit +1,de,2024-04-10 05:13:36.010516
Web Developer (m/w/d),Integrity Next GmbH,Homeoffice,Vollzeit,de,2024-04-10 05:13:36.010516
Senior Typescript Developer (f/m/d),SIDESTREAM,Homeoffice,Not Specified,de,2024-04-10 05:13:36.010516
Intermediate Full-Stack Developer (m/w/d),yes!devs GmbH,Homeoffice,Not Specified,de,2024-04-10 05:13:36.010516
Senior Software Developer,Oselo Recruitment,Homeoffice,85.000 € pro Jahr,de,2024-04-10 05:13:36.010516
Java Developer,ADITO Software GmbH,Homeoffice,Not Specified,de,2024-04-10 05:13:36.010516
Power Platform Developer (m/w/d),TÜV NORD Service GmbH & Co. KG,Not Specified,Vollzeit +1,de,2024-04-10 05:23:11.138616
CMS Fullstack Developer Java/React (m/w/d),Wertefest GmbH,Homeoffice,Vollzeit,de,2024-04-10 05:23:11.138616
Web Entwickler (m/w/d),AMETRAS itec GmbH,Not Specified,Vollzeit,de,2024-04-10 05:23:34.330502
Software Developer PHP (m/w/d) Remote,clicks digital GmbH,Homeoffice,Vollzeit +1,de,2024-04-10 05:24:02.435833
> Senior Software Engineer / Full-stack Developer / DevOp (m/f/d),Moovster,Homeoffice,Not Specified,de,2024-04-10 05:24:02.435833
Senior Fullstack Developer (f/m/d),recarb,Homeoffice,55.000 € – 75.000 € pro Jahr,de,2024-04-10 05:24:02.435833
Azure Data Engineer Homeoffice (m/w/d),WBS Gruppe,Homeoffice,Vollzeit,de,2024-04-10 05:24:25.477099
Microscopy Software Engineer,Bitplane AG / Andor Technology Inc,Homeoffice,60.000 € – 90.000 € pro Jahr,de,2024-04-10 05:24:25.477099
Cloud Data Engineer (m/w/d),CLOUDETEER GmbH,Homeoffice,50.000 € – 85.000 € pro Jahr,de,2024-04-10 05:24:25.477099
Senior Data Engineer(M/W/D)Deutschland/ Hybrid / vor Ort,Tech Punk GmbH,Homeoffice,75.000 € – 90.000 € pro Jahr,de,2024-04-10 05:24:25.477099
Lead-Senior Machine Learning Engineer (f/m/x),idealo internet GmbH,Homeoffice,Not Specified,de,2024-04-10 05:24:25.477099
Data Engineer (f/m/d),kfzteile24 GmbH,Hybrides Arbeiten,Vollzeit,de,2024-04-10 05:24:25.477099
Data Engineer (f/m/x),Holi Moli GmbH,Homeoffice,Vollzeit +1,de,2024-04-10 05:24:25.477099
Data Engineer - Services (m/f/x),Makersite GmbH,Homeoffice,Vollzeit,de,2024-04-10 05:24:25.477099
Data Engineer (m/w/d),trendtours Touristik GmbH,Hybrides Arbeiten,Vollzeit,de,2024-04-10 05:24:25.477099
Data Engineer (m/w/d),PALTRON GmbH,Homeoffice,Vollzeit,de,2024-04-10 05:24:25.477099
Data Engineer (m/w/d) - Onboarding,PlanerAI GmbH,Homeoffice,Not Specified,de,2024-04-10 05:24:25.477099
Data Engineer (m/f/d),Skilled GmbH,Homeoffice,Vollzeit,de,2024-04-10 05:24:25.477099
Development Engineer – Image Data Processing (L1/L2),constellr GmbH,Homeoffice,Vollzeit,de,2024-04-10 05:24:25.477099
Data Scientist / LLMOps Engineer (m/w/d),Career1Group,Homeoffice,Vollzeit,de,2024-04-10 05:24:25.477099
Data Visualization Engineer Tableau,DIVINT Technology GmbH,Homeoffice,Vollzeit,de,2024-04-10 05:24:25.477099
Senior Data Engineer (alle Geschlechter),it-novum GmbH,Homeoffice,Vollzeit,de,2024-04-10 05:24:25.477099
(Senior) Data Engineer (all levels & genders),celver AG,Homeoffice,Vollzeit,de,2024-04-10 05:24:25.477099
Data Engineer (m/w/d) für unsere Submarke exofarer remote | hybrid,Palmer Hargreaves GmbH,Homeoffice,Vollzeit,de,2024-04-10 05:24:25.477099
Senior Data Engineer (m/f/d),e.pilot GmbH,Homeoffice,70.000 € – 90.000 € pro Jahr,de,2024-04-10 05:24:25.477099
Data Engineer – Data Lakes,evoila GmbH,Homeoffice,Vollzeit,de,2024-04-10 05:24:25.477099
Data Engineer (m/f/d) at internationally growing educational gaming start-up,Edurino,Homeoffice,Vollzeit,de,2024-04-10 05:24:25.477099
Senior Data Engineer (f/m/x),ELEMENT Insurance AG,Hybrides Arbeiten,Vollzeit,de,2024-04-10 05:24:25.477099
Data Integration Engineer (m/w/d),pacemaker,Homeoffice,Vollzeit,de,2024-04-10 05:24:25.477099
Senior QA Engineer (all genders),Distribusion Technologies GmbH,Hybrides Arbeiten,Vollzeit,de,2024-04-10 05:24:25.477099
QA Engineer,Makersite GmbH,Homeoffice,Vollzeit,de,2024-04-10 05:24:25.477099
Senior Data engineer,TrustYou,Homeoffice,Vollzeit +1,de,2024-04-10 05:24:25.477099
Senior Data Warehouse Engineer (f/m/d),Rhenus Freight Road Sales & Management GmbH,Not Specified,Not Specified,de,2024-04-10 05:24:25.477099
Product Data Analyst,"PVcase, UAB",Homeoffice,30.000 € – 48.000 € pro Jahr,de,2024-04-10 05:24:25.477099
(Senior) Data Engineer (m/w/d) (german or english),Bikeleasing-Service GmbH & Co. KG,Homeoffice,Not Specified,de,2024-04-10 05:24:25.477099
Senior Data Engineer* / Senior Business Intelligence Consultant*,Bissantz & Company GmbH,Homeoffice,Vollzeit,de,2024-04-10 05:24:25.477099
Senior Data Engineer (m/f/d),AllCloud,Homeoffice,65.000 € – 90.000 € pro Jahr,de,2024-04-10 05:24:25.477099
Data Engineer (m/w/d) – remote oder München,Datalytics GmbH,Homeoffice,Vollzeit,de,2024-04-10 05:24:25.477099
Data Engineer (w/m/d),BAG - Lünen,Homeoffice,Vollzeit,de,2024-04-10 05:24:25.477099
Full Stack Engineer,Fashion Cloud,Hybrides Arbeiten,Vollzeit,de,2024-04-10 05:24:25.477099
Senior Data Scientist/AI Engineer,Cavendish Professionals,Homeoffice,45 € – 50 € pro Stunde,de,2024-04-10 05:24:25.477099
Data Engineer - Mid & Senior Levels (m/f/d),KI group GmbH,Hybrides Arbeiten,Vollzeit,de,2024-04-10 05:24:25.477099
Senior Data Engineer (m/w/d),Datics Consulting,Homeoffice,45.000 € – 60.000 € pro Jahr,de,2024-04-10 05:24:25.477099
Machine Learning Automation Engineer,syte GmbH,Homeoffice,Not Specified,de,2024-04-10 05:24:25.477099
AI Engineer (w/m/d) - Karlsruhe / Stuttgart / München / remote,KENBUN IT AG,Homeoffice,Vollzeit,de,2024-04-10 05:24:25.477099
(Senior) Big Data Engineer (m/f/d),Lehmann + Pioneers Digital GmbH,Homeoffice,Not Specified,de,2024-04-10 05:24:25.477099
Cloud Data Engineer (f/m/d),ALPHA-ENGINEERING KG,Not Specified,Not Specified,de,2024-04-10 05:24:25.477099
Senior Fullstack Engineer (gn),Entyre,Hybrides Arbeiten,Vollzeit,de,2024-04-10 05:24:25.477099
Software Engineer (m/f/d),PARTSCLOUD GmbH,Homeoffice,Not Specified,de,2024-04-10 05:24:25.477099
Senior Data Engineer (m/w/d) im Bereich Risk Advisory Services,BRL Risk Consulting GmbH & Co. KG,Homeoffice,Vollzeit,de,2024-04-10 05:24:25.477099
Machine Learning Engineer / Data Scientist (Minijob / Werkstudent),Vision Impulse,Homeoffice,Minijob +1,de,2024-04-10 05:24:25.477099
"Engineer AI (m/w/d) remote, innerhalb Deutschland",InterJob® GmbH,Homeoffice,Not Specified,de,2024-04-10 05:24:25.477099
AI Consultant,Konfuzio - Helm & Nagel GmbH,Homeoffice,Not Specified,de,2024-04-10 05:24:25.477099
Staff Back-end Engineer - (Cargo Models),Kpler,Homeoffice,Vollzeit,de,2024-04-10 05:24:25.477099
iOS Engineer,FAIRTIQ AG,Homeoffice,Vollzeit +1,de,2024-04-10 05:24:25.477099
Project Engineer (HW & IoT),BACE,Homeoffice,54.000 € – 60.000 € pro Jahr,de,2024-04-10 05:24:25.477099
Middle Machine Learning Engineer,Qdrant,Homeoffice,Not Specified,de,2024-04-10 05:24:25.477099
Senior Backend Engineer m/f/x (Remote),simpleclub,Homeoffice,70.000 € – 90.000 € pro Jahr,de,2024-04-10 05:24:25.477099
AI & Data Scientist (m/f/d),Ubermetrics Technologies GmbH,Homeoffice,Not Specified,de,2024-04-10 05:24:25.477099
Junior Business Analyst (m/w/d),Pflegia,Homeoffice,35.000 € pro Jahr,de,2024-04-10 05:24:25.477099
Machine Learning Engineer in Social Impact Startup (f/m/x),Holi Moli GmbH,Homeoffice,Vollzeit +1,de,2024-04-10 05:24:25.477099
Data Scientist * Künstliche Intelligenz / Machine Learning,BTC Business Technology Consulting,Homeoffice,Vollzeit +2,de,2024-04-10 05:24:25.477099
(Senior) Data Analyst / Data Scientist (f/m/d) in the Data Division,Thomann.io,Homeoffice,Vollzeit,de,2024-04-10 05:24:25.477099
System Engineer Storage- & Data Protection (m/w/d),ahd GmbH & Co. KG,Homeoffice,Vollzeit +1,de,2024-04-10 05:24:25.477099
Machine Learning Engineer,super.AI,Homeoffice,Vollzeit,de,2024-04-10 05:24:25.477099
Cloud Consultant / Cloud Data Engineer (all genders),INNOPROX GmbH,Homeoffice,Not Specified,de,2024-04-10 05:24:25.477099
"Senior Software Engineer, Infrastructure",Nomic Foundation,Homeoffice,Vollzeit,de,2024-04-10 05:24:25.477099
VMware Cloud Foundation Engineer – Consulatant (m/w/d,evoila GmbH,Homeoffice,Vollzeit,de,2024-04-10 05:24:25.477099
Software Engineer,Cerebellum Network,Homeoffice,Not Specified,de,2024-04-10 05:24:25.477099
Business Intelligence Specialist - Data visualization and reporting,Intersnack IT KG,Hybrides Arbeiten,Vollzeit,de,2024-04-10 05:24:25.477099
"Software Engineer, Frontend",Coinbase,Homeoffice,Vollzeit,de,2024-04-10 05:24:25.477099
"PHP Developer (Laravel, TYPO3/CraftCMS) (m/w/d)",edium - web solutions,Not Specified,40.000 € – 60.000 € pro Jahr,de,2024-04-10 05:24:55.255280
Frontend Developer (gn),steuerberaten.de Steuerberatungsgesellschaft mbH,Homeoffice,Vollzeit +1,de,2024-04-10 05:24:55.255280
Frontend Developer (m/w/d),WattFox,Homeoffice,Festanstellung,de,2024-04-10 05:24:55.255280
Fullstack (JavaScript) Developer,9am,Homeoffice,55 € – 60 € pro Stunde,de,2024-04-10 05:24:55.255280
Full-Stack Developer (m/w/d),creoline GmbH,Homeoffice,Festanstellung,de,2024-04-10 05:24:55.255280
Front-End Engineer,9am,Homeoffice,45 € – 50 € pro Stunde,de,2024-04-10 05:24:55.255280
PHP Developer (m/w/d),Esklusiv GmbH,Homeoffice,65.000 € – 75.000 € pro Jahr,de,2024-04-10 05:24:55.255280
ANGULAR DEVELOPER,Nahaus GmbH,Homeoffice,Not Specified,de,2024-04-10 05:24:55.255280
PHP Symfony Developer (all genders),MAI leonex,Homeoffice,Not Specified,de,2024-04-10 05:24:55.255280
AI Developer,ZAUBAR,Homeoffice,Not Specified,de,2024-04-10 05:24:55.255280
Full Stack Entwickler (m/w/d),Esports Media GmbH,Not Specified,55.000 € – 75.000 € pro Jahr,de,2024-04-10 05:24:55.255280
Front-end Developer,nerdgeschoss GmbH,Homeoffice,Vollzeit,de,2024-04-10 05:24:55.255280
Full Stack Developer (m/w/d),WIBROS GmbH,Homeoffice,55.000 € pro Jahr,de,2024-04-10 05:24:55.255280
Backend Developer (m/w/d),WUNSCHGUTSCHEIN GmbH,Homeoffice,Vollzeit +1,de,2024-04-10 05:24:55.255280
Shopify Frontend Developer (m/w/d),Shopfabrik Berlin UG,Homeoffice,Not Specified,de,2024-04-10 05:24:55.255280
Senior Frontend Developer (m/w/d),Telefónica Germany Retail GmbH,Not Specified,Vollzeit,de,2024-04-10 05:24:55.255280
PHP Entwickler:in (m/w/d) in Remote,Food Database GmbH,Homeoffice,Vollzeit +2,de,2024-04-10 05:24:55.255280
Full-Stack Developer (m/w/d),Distribusion,Homeoffice,40.000 € – 80.000 € pro Jahr,de,2024-04-10 05:24:55.255280
Sr. Developer- React,QWIKSTUDIOS TECHNOLOGIES,Homeoffice,Not Specified,de,2024-04-10 05:24:55.255280
Backend Developer,Arival Bank,Homeoffice,Vollzeit,de,2024-04-10 05:24:55.255280
Fachinformatiker*in Anwendungsentwicklung Backend Developer (m/w/d),oli.k computer und internetservice e.K.,Homeoffice,Vollzeit +2,de,2024-04-10 05:24:55.255280
Software Engineer Fullstack - Cross Fonctional Team H/F,DOUGS,Télétravail,De 40 000 € à 55 000 € par an,fr,2024-04-10 05:25:12.721440
Software Engineer Fullstack H/F,DOUGS,Télétravail,De 40 000 € à 55 000 € par an,fr,2024-04-10 05:25:12.721440
Internship Front-End Developer H/F,BlockLoads,Télétravail,Stage,fr,2024-04-10 05:25:12.721440
"Front End Software Engineer (FR, Remote)",GreatFrontEnd,Télétravail,De 4 000 € à 5 000 € par mois,fr,2024-04-10 05:25:12.721440
Full stack Developer,Sightengine,Télétravail,Not Specified,fr,2024-04-10 05:25:12.721440
Fullstack Developer,TapNation,Télétravail,CDI +1,fr,2024-04-10 05:25:12.721440
Back-end or Front-end Developer (Intern),Sightengine,Télétravail,Not Specified,fr,2024-04-10 05:25:12.721440
Software Developer .NET F/H,Traxall,Télétravail,Temps plein +1,fr,2024-04-10 05:25:12.721440
Software Engineer - AI & Machine Learning - France or Remote EMEA,Dataiku,Télétravail,Not Specified,fr,2024-04-10 05:25:12.721440
Senior Frontend Developer [Western Europe],Zealy,Télétravail,Not Specified,fr,2024-04-10 05:25:12.721440
C Software Developer,6WIND,Télétravail,CDI,fr,2024-04-10 05:25:12.721440
Senior Software developer with React/PHP/Node,ICS Legal,Télétravail,Temps plein,fr,2024-04-10 05:25:12.721440
Lead Software Engineer,Clarivate,Télétravail,Temps plein,fr,2024-04-10 05:25:12.721440
Full Stack Developer,Keyrock,Télétravail,Temps plein,fr,2024-04-10 05:25:12.721440
Senior Frontend Engineer,Staizen,Télétravail,Temps plein +1,fr,2024-04-10 05:25:12.721440
Senior Software Engineer (C#),Staizen,Télétravail,Temps plein,fr,2024-04-10 05:25:12.721440
Web3 Backend Engineer,ParaSwap,Télétravail,Temps plein,fr,2024-04-10 05:25:12.721440
EKXEL - Senior PHP Web Developer for Cologne (Germany),EKXEL IT Services & Financial Engineering,Télétravail,Temps plein +1,fr,2024-04-10 05:25:12.721440
Senior Backend Engineer (Node.js),Staizen,Télétravail,Temps plein +1,fr,2024-04-10 05:25:12.721440
Gaming Tech Java BackEnd Engineer,Homa,Télétravail,Temps plein,fr,2024-04-10 05:25:12.721440
Application Security Architect,Bentley Systems,Télétravail,Not Specified,fr,2024-04-10 05:25:12.721440
Senior DevOps Engineer M/F,Cycloid,Télétravail,Temps plein +1,fr,2024-04-10 05:25:12.721440
Data Analyst,Peroptyx,Télétravail,De 630 € à 1 260 € par mois,fr,2024-04-10 05:25:47.979743
Quantitative Research Analyst ESG - Data Scientist F/M,BNPP FRANCE,Not Specified,CDI,fr,2024-04-10 05:25:47.979743
Stage 6 mois data analyst,La Ruée,Télétravail,Not Specified,fr,2024-04-10 05:25:47.979743
Junior Data Scientist - Internship,Kayrros,Télétravail partiel,Not Specified,fr,2024-04-10 05:25:47.979743
Marketing Data Scientist,Hazelden Betty Ford Foundation,Télétravail,Temps plein,fr,2024-04-10 05:25:47.979743
Consultant Senior Data Analyst,KOKEN,Télétravail,De 65 000 € à 75 000 € par an,fr,2024-04-10 05:25:47.979743
Data Analyst Manager,Ankorstore,Télétravail,Temps plein,fr,2024-04-10 05:25:47.979743
Freelance Remote: Online Data Analyst - France,TELUS International,Télétravail,Indépendant / freelance,fr,2024-04-10 05:25:47.979743
Data Engineer,PUR,Télétravail partiel,Not Specified,fr,2024-04-10 05:26:20.820820
Alternance - 2 ans - Usages Data Développement Commercial - Marché Pro et Entreprises F/H - Paris,BPCE SA,Not Specified,Alternance,fr,2024-04-10 05:26:20.820820
Senior Data Engineer,Radiant Logic,Télétravail,Temps plein,fr,2024-04-10 05:26:20.820820
Senior Data Engineer @Carbon Maps,Breega,Télétravail partiel,Temps plein,fr,2024-04-10 05:26:20.820820
Data Engineer Senior - F/M/X,TEHTRIS,Télétravail,Temps plein +1,fr,2024-04-10 05:26:20.820820
Senior Data Engineer,Adikteev,Télétravail partiel,Temps plein,fr,2024-04-10 05:26:20.820820
Golang Backend Engineer,Kiln,Télétravail,Temps plein,fr,2024-04-10 05:26:20.820820
C++/Python Engineer (Data Structures),Sept Lieues,Télétravail,Not Specified,fr,2024-04-10 05:26:20.820820
Design Engineer — xGrid,MUI,Télétravail,Temps plein,fr,2024-04-10 05:26:20.820820
DEFI Front End Engineer,AnbotoLabs,Télétravail,Temps plein,fr,2024-04-10 05:26:20.820820
Senior Backend Engineer,Adikteev,Télétravail partiel,Temps plein,fr,2024-04-10 05:26:20.820820
Alternance (1 an) – Ingénieur Data F/H – Charenton le Pont,BPCE SA,Not Specified,Alternance,fr,2024-04-10 05:26:20.820820
RALLY Production Support Engineer - French (Fully Remote),Sperton,Télétravail,Temps plein,fr,2024-04-10 05:26:20.820820
Technical Support Engineer,Upflow,Télétravail,Temps plein,fr,2024-04-10 05:26:20.820820
Multimodal Research Engineer - EMEA Remote,Hugging Face,Télétravail,Not Specified,fr,2024-04-10 05:26:20.820820
Senior Software Engineer H/F/N,Hokodo,Télétravail,Temps plein,fr,2024-04-10 05:26:20.820820
Lead Media Streaming Engineer,Synamedia,Télétravail,Not Specified,fr,2024-04-10 05:26:20.820820
Senior Fullstack Engineer (Remote),Voodoo,Télétravail,Temps plein,fr,2024-04-10 05:26:20.820820
Senior Data Operations Engineer,Adikteev,Télétravail partiel,Temps plein,fr,2024-04-10 05:26:20.820820
Front End Software Engineer - F/H - CDI,Upfluence,Télétravail,Not Specified,fr,2024-04-10 05:26:20.820820
Developer Advocate /Content Engineer,MUI,Télétravail,Temps plein,fr,2024-04-10 05:26:20.820820
Alternance (1 an) - Data Ingénieur avec appétence pour la Data Science F/H – Paris,BPCE SA,Not Specified,Alternance,fr,2024-04-10 05:26:20.820820
"HPC Engineer, Machine Learning Infrastructure - EMEA Remote",Hugging Face,Télétravail,Not Specified,fr,2024-04-10 05:26:20.820820
Retool and NoCode/Low Code Engineer & Junior Product Manager,Fabulous,Télétravail,Temps plein,fr,2024-04-10 05:26:20.820820
Senior Site Reliability Engineer - Backends Team,Qlik,Télétravail,Temps plein,fr,2024-04-10 05:26:20.820820
FOCUS ENTERTAINMENT - RESEARCH ENGINEER (M/W/NB),Focus Entertainment,Télétravail partiel,Temps plein,fr,2024-04-10 05:26:20.820820
Field Service Engineer Installations (hardware) Radiotherapy (m/f/nb),Varian Medical Systems,Télétravail,Temps plein,fr,2024-04-10 05:26:20.820820
C++ Engineer (Synthesis/EDA),Sept Lieues,Télétravail,Not Specified,fr,2024-04-10 05:26:20.820820
Alternance (1 ou 2 ans) – Ingénieur Data F/H – Paris,BPCE SA,Not Specified,Alternance,fr,2024-04-10 05:26:20.820820
Tech Lead Engineer,Voodoo,Télétravail,Temps plein,fr,2024-04-10 05:26:20.820820
Technical Project Manager,Radiant Logic,Télétravail,Temps plein,fr,2024-04-10 05:26:20.820820
Sensor Analog IC Design Engineer,ASYGN,Télétravail,Temps plein +1,fr,2024-04-10 05:26:20.820820
Presales Solutions Engineer (Remote in France),Valiantys,Télétravail partiel,Temps plein +1,fr,2024-04-10 05:26:20.820820
Pre-Sales Machine Learning Solutions Engineer - EMEA Remote,Hugging Face,Télétravail,Temps plein,fr,2024-04-10 05:26:20.820820
Senior Post-Sales Machine Learning Engineer - EMEA Remote,Hugging Face,Télétravail,Temps plein,fr,2024-04-10 05:26:20.820820
Lead Solutions Consultant,Open Text Corporation,Télétravail,Not Specified,fr,2024-04-10 05:26:20.820820
Stage (6 mois) – Ingénieur Data F/H – Charenton-le-Pont,BPCE SA,Not Specified,Stage,fr,2024-04-10 05:26:20.820820
Solution Architect (System Integrator),Semperis,Télétravail,Temps plein,fr,2024-04-10 05:26:20.820820
"Principal Engineer, CRM Salesforce",Nagarro,Télétravail,CDI,fr,2024-04-10 05:26:20.820820
Senior C++ Engineer (Static Timing Analysis),Sept Lieues,Télétravail,Not Specified,fr,2024-04-10 05:26:20.820820
Full Stack Software Engineer,Birdie,Télétravail,Temps plein,fr,2024-04-10 05:26:20.820820
Cloud Partner Pre-Sales Machine Learning Solutions Engineer - EMEA Remote,Hugging Face,Télétravail,Temps plein,fr,2024-04-10 05:26:20.820820
Senior Full Stack Software Engineer,Birdie,Télétravail,Temps plein,fr,2024-04-10 05:26:20.820820
Senior SRE / DevOps (Blockchain),Kiln,Télétravail,Temps plein,fr,2024-04-10 05:26:20.820820
Développeur back-end H/F,Nextuity,Télétravail,Jusqu’à 65 000 € par an,fr,2024-04-10 05:27:01.076372
Développeur/se web Apprenti 100% télétravail,3WRH,Télétravail,Temps plein +1,fr,2024-04-10 05:27:01.076372
STAGE Developer Front-end,Box évidence,Télétravail,À partir de 1 € par mois,fr,2024-04-10 05:27:01.076372
Front End Developer,Concord,Télétravail,Not Specified,fr,2024-04-10 05:27:01.076372
Développeur fullstack confirmé (NodeJs/Angular) H/F - B2B SaaS- Full Remote,Edusign,Télétravail,De 40 000 € à 55 000 € par an,fr,2024-04-10 05:27:01.076372
Front-End Developer H/F,SAS LA COMPAGNIE DES ANIMAUX,Télétravail partiel,Not Specified,fr,2024-04-10 05:27:01.076372
IBM Planning Analytics/ Cognos TM1 Consultant,SystemsAccountants,Not Specified,CDI,fr,2024-04-10 05:27:01.076372
NodeJs Developer Intern,Julaya,Télétravail,Not Specified,fr,2024-04-10 05:27:01.076372
Senior React.js Developer,KIWIT,Télétravail,De 60 000 € à 65 000 € par an,fr,2024-04-10 05:27:01.076372
Business Developer solutions logicielles - Home Office,ESII,Télétravail,CDI,fr,2024-04-10 05:27:01.076372
"Full Stack Shopify Developer (Full Time, Remote or On Site in Paris)",Riess Group,Télétravail,Not Specified,fr,2024-04-10 05:27:01.076372
Tech Lead Full Stack,CapitaleTech,Télétravail,CDI,fr,2024-04-10 05:27:01.076372
Business developer - zone Afrique,MBway,Not Specified,Alternance,fr,2024-04-10 05:27:01.076372
Stagiaire Business Developer H/F,AW Service,Télétravail,1 € par mois,fr,2024-04-10 05:27:01.076372
Business Developer H/F,Upsellors,Télétravail,Not Specified,fr,2024-04-10 05:27:01.076372
Your next position at Prismic...,Prismic,Télétravail,Not Specified,fr,2024-04-10 05:27:01.076372
Business Developer,Joyatwork,Télétravail,Indépendant / freelance,fr,2024-04-10 05:27:01.076372
Spontaneous applications,Meilisearch,Télétravail,Not Specified,fr,2024-04-10 05:27:01.076372
Senior Wordpress Developer H/F CDI (full remote),North star network,Télétravail,Not Specified,fr,2024-04-10 05:27:01.076372
Business Developer H/F,NEOSOL,Télétravail,Not Specified,fr,2024-04-10 05:27:01.076372
Project Developer H/F,Greening Ingénierie S.A.S,Télétravail,Temps plein +1,fr,2024-04-10 05:27:01.076372
International Business Developer HF,Groupe FSC,Not Specified,CDI,fr,2024-04-10 05:27:01.076372
Lead Developer Frontend Vanilla.JS,UNLCK,Télétravail,De 65 000 € à 75 000 € par an,fr,2024-04-10 05:27:01.076372
Business Developer H/F,Arev16llc,Télétravail,Temps plein,fr,2024-04-10 05:27:01.076372
Business Developer H/F,Benexim SAS,Télétravail,Alternance,fr,2024-04-10 05:27:01.076372
Stage Business Developer H/F,Time2connect,Télétravail,Stage,fr,2024-04-10 05:27:01.076372
Python Full-stack Developer,Glopal,Télétravail,Not Specified,fr,2024-04-10 05:27:01.076372
Business Developer IRVE F/H,WAAT,Télétravail,Temps plein,fr,2024-04-10 05:27:01.076372
Business Developer H/F,IKONE,Télétravail,De 23 000 € à 40 000 € par an,fr,2024-04-10 05:27:01.076372
Stage Business Developer H/F,Natural Bambou,Télétravail,Not Specified,fr,2024-04-10 05:27:01.076372
Business Developer H/F,Constell8 Business Solution,Télétravail,"De 26 126,02 € à 64 914,63 € par an",fr,2024-04-10 05:27:01.076372
Area Sales Manager,EMAsphere,Télétravail,Statut cadre,fr,2024-04-10 05:27:01.076372
Corporate Business Developer - M&A,Trapeze Group Limited,Télétravail,Temps plein,fr,2024-04-10 05:27:01.076372
Lead Developer (H/F),Avenir & Capital Humain,Télétravail,De 45 000 € à 60 000 € par an,fr,2024-04-10 05:27:01.076372
"Sales and Business Development Manager, S. Europe & N. Africa",Balchem Corporation,Télétravail,Not Specified,fr,2024-04-10 05:27:01.076372
Stage Business Developer H/F,POWER SHOP - Projet : 62 Ruby Street,Télétravail,Temps plein +1,fr,2024-04-10 05:27:01.076372
ALTERNANCE BUSINESS DEVELOPER -H/F - FULL REMOTE - B2B SAAS - EDTECH,Edusign,Télétravail,Alternance,fr,2024-04-10 05:27:01.076372
Business developer FREELANCE + Commissions,Primrecrut,Télétravail,Indépendant / freelance,fr,2024-04-10 05:27:01.076372
Business Developer (stage) H/F,19.87,Télétravail,Stage,fr,2024-04-10 05:27:01.076372
Business Developer H/F,GREEN HORIZON,Télétravail,Temps plein +1,fr,2024-04-10 05:27:01.076372
Accessibility Specialist - REMOTE,ICF,Télétravail,Temps plein,fr,2024-04-10 05:27:01.076372
Senior Lead Developer,SOLAL TECH,Télétravail,De 45 000 € à 47 000 € par an,fr,2024-04-10 05:27:01.076372
Business developer Normandie H/F,Novoma,Télétravail,30 € de l’heure,fr,2024-04-10 05:27:01.076372
Data Infrastructure Sr Manager - People Analytics,Labcorp,Remote,Not Specified,uk,2024-04-10 05:29:32.798199
Pre-sales Consultant,System C,Remote,Not Specified,uk,2024-04-10 05:30:49.909589
Sviluppatore Back End,Technode S.p.A,Remoto,Tempo pieno,it,2024-04-10 05:31:19.597942
Python Developer Middle,ARGO LOGICA SRL,Not Specified,Tempo pieno,it,2024-04-10 05:31:19.597942
SENIOR FULL STACK DEVELOPER | SOFTWARE ENGINEER | TECH LEAD | FULL REMOTE,Techyon,Remoto,Not Specified,it,2024-04-10 05:31:19.597942
Php Engineer,Hrm s.r.l.,Remoto,Tempo pieno,it,2024-04-10 05:31:19.597942
Programmatore Python,Atum S.r.l.,Not Specified,Tempo pieno,it,2024-04-10 05:31:19.597942
Frontend Engineer React,Hrm s.r.l.,Not Specified,Tempo pieno,it,2024-04-10 05:31:19.597942
Backend developer IT,KPI6.com,Remoto,Tempo pieno,it,2024-04-10 05:31:19.597942
Full Stack Developer Netcore Angular AKS,Hrm s.r.l.,Remoto,Tempo pieno,it,2024-04-10 05:31:19.597942
React Developer,Qbitsoft srl,Remoto,20.000 € - 40.000 € all'anno,it,2024-04-10 05:31:19.597942
Tester Specialist,TXT e-solutions SPA,Remoto,Tempo indeterminato,it,2024-04-10 05:31:19.597942
Analyst Finanza Agevolata - Progettista Bandi,Alsolved,Not Specified,Contratto con partita IVA +1,it,2024-04-10 05:31:34.885175
Principal SOC Analyst(L3) - Italy,Integrity360,Not Specified,Not Specified,it,2024-04-10 05:31:34.885175
Senior Cybersecurity Detection Analyst,Getronics,Remoto,Not Specified,it,2024-04-10 05:31:34.885175
Junior Ethical Data Scientist,ReLOG3P,Remoto,Not Specified,it,2024-04-10 05:31:49.945980
MOBILE FLUTTER DEVELOPER,Iagica srl,Not Specified,Tempo pieno +1,it,2024-04-10 05:32:37.788266
Java Developer Categoria Protetta L. 68/99,Innovision Lab,Remoto,25.000 € - 40.000 € all'anno,it,2024-04-10 05:32:37.788266
Data Scientist (Remote in Barcelona),Edpuzzle,Teletrabajo,Jornada completa,es,2024-04-10 05:33:43.911637
HQ - Senior Data Scientist,Job&Talent,Teletrabajo,Contrato indefinido,es,2024-04-10 05:33:43.911637
Principal Data Scientist (Multimodal),Neurons Lab,Teletrabajo,Media jornada,es,2024-04-10 05:33:43.911637
Senior/Lead Data Software Engineer,AgileEngine,Teletrabajo,Jornada completa +1,es,2024-04-10 05:33:43.911637
Senior Marketing Data Analyst,AirHelp,Not Specified,Jornada completa,es,2024-04-10 05:33:43.911637
CX360 Principal Data Scientist,Neurons Lab,Teletrabajo,Media jornada,es,2024-04-10 05:33:43.911637
Lead Data Scientist,SDG Group,Teletrabajo,Not Specified,es,2024-04-10 05:33:43.911637
Head of AI Engineering,Neurons Lab,Teletrabajo,Jornada completa,es,2024-04-10 05:33:43.911637
Market Maker Digital Assets - HFT (Quantitative Trader),Universiscapitalpartner,Teletrabajo,Autónomo,es,2024-04-10 05:33:43.911637
Vaccine Account Manager,Novavax,Teletrabajo,Jornada completa,es,2024-04-10 05:33:43.911637
Partner Growth Manager,Cover Genius,Trabajo híbrido,Jornada completa,es,2024-04-10 05:33:43.911637
Senior Software Engineer,Cytora,Teletrabajo,Jornada completa,es,2024-04-10 05:33:43.911637
Lead Data Software Engineer (Spark/Scala/Databricks),EPAM Systems,Teletrabajo,Not Specified,es,2024-04-10 05:33:43.911637
Senior Clinical Trial Manager,ICON,Teletrabajo,Contrato indefinido,es,2024-04-10 05:33:43.911637
Lead MLOps Engineer,Neurons Lab,Teletrabajo,Media jornada,es,2024-04-10 05:33:43.911637
Senior Artificial Intelligence Engineer,sennder,Teletrabajo,Not Specified,es,2024-04-10 05:33:43.911637
Data Engineer,Finom,Teletrabajo,Jornada completa,es,2024-04-10 05:33:43.911637
Data Engineer (ELASTIC),Grupo Lanit,Teletrabajo,Jornada completa,es,2024-04-10 05:34:08.233748
Analytics Engineer (m/d/f),Roadsurfer,Teletrabajo,Jornada completa,es,2024-04-10 05:34:08.233748
"Control Systems Engineer, 100% En remoto",OXIGENT Technologies,Teletrabajo,De 39.000 € a 48.000 € al año,es,2024-04-10 05:34:08.233748
NLP Engineer with English and Spanish,Babel Profiles S.L,Teletrabajo,Contrato indefinido,es,2024-04-10 05:34:08.233748
SIEM Engineer | Sentinel & KQL,CyberProof,Teletrabajo,Jornada completa,es,2024-04-10 05:34:08.233748
Site Reliability Engineer,Baxter Planning,Teletrabajo,Jornada completa,es,2024-04-10 05:34:08.233748
Sentinel Engineer | KQL & Defender,CyberProof,Teletrabajo,Jornada completa,es,2024-04-10 05:34:08.233748
Backend Engineer,Smart Protection,Teletrabajo,Jornada completa,es,2024-04-10 05:34:08.233748
Data Engineer,FRG Technology Consulting,Teletrabajo,Contrato indefinido,es,2024-04-10 05:34:08.233748
LCA Data Analyst,Sphera Solutions,Teletrabajo,Jornada completa,es,2024-04-10 05:34:08.233748
Customer Success Manager,Improvado,Teletrabajo,Jornada completa +1,es,2024-04-10 05:34:08.233748
Web Crawling Engineer,CENTRIC SOFTWARE INC,Teletrabajo,Jornada completa,es,2024-04-10 05:34:08.233748
Senior Electricity Market Optimization Engineer - 2464DDD,Enverus,Teletrabajo,Jornada completa,es,2024-04-10 05:34:08.233748
NLP Engineer,vLex,Teletrabajo,Not Specified,es,2024-04-10 05:34:08.233748
Application Services Engineer,Solera,Teletrabajo,Jornada completa,es,2024-04-10 05:34:08.233748
ML Engineer,vLex,Teletrabajo,Not Specified,es,2024-04-10 05:34:08.233748
Snr Mechanical Cx Engineer,Salute,Not Specified,Jornada completa,es,2024-04-10 05:34:08.233748
Machine Learning Engineer with English and Spanish,Babel Profiles S.L,Teletrabajo,Not Specified,es,2024-04-10 05:34:08.233748
Software Engineer II,Eventbrite,Teletrabajo,Not Specified,es,2024-04-10 05:34:08.233748
Node/React Full-Stack Engineer with English and Spanish,Babel Profiles S.L,Teletrabajo,Not Specified,es,2024-04-10 05:34:08.233748
Platform Engineer,Homa Games,Teletrabajo,Jornada completa,es,2024-04-10 05:34:08.233748
Lead Software Engineer - 24169,Enverus,Teletrabajo,Jornada completa,es,2024-04-10 05:34:08.233748
Senior Development Engineer Product Team,Openbravo,Teletrabajo,Jornada completa,es,2024-04-10 05:34:08.233748
Software Engineer I,Eventbrite,Teletrabajo,Not Specified,es,2024-04-10 05:34:08.233748
Network Engineer (Advanced English),CIVIR,Teletrabajo,Not Specified,es,2024-04-10 05:34:08.233748
Site Reliability Engineer (SRE) ,audiense,Teletrabajo,Not Specified,es,2024-04-10 05:34:08.233748
Senior AI Engineer (Unreal Engine),Seedify,Teletrabajo,Jornada completa,es,2024-04-10 05:34:08.233748
Senior DevOps Engineer (Gaming),Seedify,Teletrabajo,Jornada completa,es,2024-04-10 05:34:08.233748
Cloud Infrastructure Engineer,System73,Teletrabajo,Jornada completa,es,2024-04-10 05:34:08.233748
CRM Manager,Metyis,Trabajo híbrido,Jornada completa,es,2024-04-10 05:34:08.233748
Iberia and Italy Reseller Manager,Trimble,Teletrabajo,Jornada completa,es,2024-04-10 05:34:08.233748
Semi Senior Software Engineer - Web Back-end,Ekumen,Teletrabajo,Jornada completa,es,2024-04-10 05:34:08.233748
Mobile QA Automation Engineer (Remote),Duelit,Teletrabajo,Contrato indefinido,es,2024-04-10 05:34:24.550841
QA Automation Tester,Storyteq,Teletrabajo,Jornada completa,es,2024-04-10 05:34:24.550841
Skills and Qualifications,Talent-R,Teletrabajo,Not Specified,es,2024-04-10 05:34:24.550841
Backend Node.js Developer,indigitall,Teletrabajo,Jornada completa,es,2024-04-10 05:34:24.550841
Web Developer (HTML/CSS/PHP),Liquid Studio,Teletrabajo,De 25.000 € a 30.000 € al año,es,2024-04-10 05:34:49.534356
Sales Engineer (m/f/d) for Spain,KACO new energy GmbH,Not Specified,Jornada completa,es,2024-04-10 05:34:49.534356
Programadores Junior - Madrid,Super Espot,Teletrabajo,Not Specified,es,2024-04-10 05:34:49.534356
Backend Developer,Terra,Teletrabajo,Jornada completa,es,2024-04-10 05:34:49.534356
Odoo Developer,Q-tech,Teletrabajo,De 24.000 € a 27.000 € al año,es,2024-04-10 05:34:49.534356
Fullstack Developer | 100% REMOTO,PrimeIT,Teletrabajo,Jornada completa,es,2024-04-10 05:34:49.534356
Senior React Native Developer,PromoFarma,Teletrabajo,Jornada completa,es,2024-04-10 05:34:49.534356
Frontend Developer,K-LAGAN,Teletrabajo,Contrato indefinido,es,2024-04-10 05:34:49.534356
Ventas por Teléfono Programador de Citas Teleoperador TELETRABAJO,Confidencial,Teletrabajo,De 950 € a 2.550 € al mes,es,2024-04-10 05:34:49.534356
Desarrollador E-commerce,IT Partner España,Teletrabajo,Contrato indefinido,es,2024-04-10 05:34:49.534356
Front-End Developer,CheKin,Teletrabajo,Jornada completa,es,2024-04-10 05:34:49.534356
React Developer,K-LAGAN,Teletrabajo,Contrato indefinido,es,2024-04-10 05:34:49.534356
"Senior Front End Developer (React.js), 100% En remoto",Bcnc Group,Teletrabajo,De 42.000 € a 48.000 € al año,es,2024-04-10 05:34:49.534356
Desarrollador Web,Robler,Teletrabajo,Contrato indefinido,es,2024-04-10 05:34:49.534356
"Desarrollador/a Shopify, Node y React, 100% En remoto",CMV Consultores,Teletrabajo,Contrato indefinido,es,2024-04-10 05:34:49.534356
Email Developer,Skilling,Teletrabajo,Jornada completa,es,2024-04-10 05:34:49.534356
Programador/a SQL Server - Teletrabajo,Inycom,Teletrabajo,Not Specified,es,2024-04-10 05:34:49.534356
Java Developer,Q-tech,Teletrabajo,35.000 € al año,es,2024-04-10 05:34:49.534356
Tech Sourcer,IOTA Foundation,Teletrabajo,Media jornada,es,2024-04-10 05:34:49.534356
Programador Fullstack_Junior/Remoto,Social You,Teletrabajo,Not Specified,es,2024-04-10 05:34:49.534356
Unity Multiplayer and Gameplay Developer,30 Parallel Games / Boombox Games,Teletrabajo,Jornada completa,es,2024-04-10 05:34:49.534356
"Programador/a Unity - Unreal, 100% En remoto",arelance,Teletrabajo,De 18.000 € a 24.000 € al año,es,2024-04-10 05:34:49.534356
Senior Backend Developer,Micole,Teletrabajo,Jornada completa,es,2024-04-10 05:34:49.534356
Desarrollador Web Full Stack Junior especializado en Wordpress,Pitagorines,Teletrabajo,Not Specified,es,2024-04-10 05:34:49.534356
Full Stack Web Developer,Multisafepay BV,Teletrabajo,Jornada completa,es,2024-04-10 05:34:49.534356
JAVA DEVELOPER (FULL REMOTE),Fihoca,Teletrabajo,Jornada completa,es,2024-04-10 05:34:49.534356
Shopify Full Stack Developer (m/w/d),omos media GmbH,Homeoffice,Vollzeit,de,2024-04-10 05:35:08.531999
AI Consultant,noventive - IP securely protected,Homeoffice,Vollzeit +1,de,2024-04-10 05:36:20.311430
Fullstack Developer,Webnique GmbH,Homeoffice,Vollzeit +1,de,2024-04-10 05:36:50.668437
Stage (6 mois) – Data Scientist F/H - Paris,BPCE Assurances IARD,Not Specified,Stage,fr,2024-04-10 05:37:45.904228
ServiceNow Architect - Paris or France / Remote working - English speakers,Platform 6 Ltd,Not Specified,Not Specified,fr,2024-04-10 05:39:03.742822
ServiceNow Architect - Paris or France / Remote working - English speakers,Platform 6 Ltd,Not Specified,Not Specified,fr,2024-04-10 05:39:03.742822
